dia,n_dia,id,marca,nombre_legal,rubro,comuna,telefono_wa,website,websiteClass,clase,buyScore,slug,ejemplo_url,galeria_url,insight,opener_n,mensaje_wa,estado,fecha_envio,respondio,fecha_respuesta,interes,reunion_agendada,propuesta_enviada,seña,monto_clp,owner_linea,notas,maps_url,source
1,1,LEAD-2026-08-15-07,CLÍNICA ODONTOLÓGICA BOCA A BOCA,CLÍNICA ODONTOLÓGICA BOCA A BOCA,dentista,Providencia,56953580117,,none,A,100,clinica-odontologica-boca-a-boca,https://reclu.cl/propuesta/dentista-b-azul-cian,https://reclu.cl/galeria/dental,quien los encuentra en Maps no tiene un sitio web claro como siguiente paso,3,"Estimados,

Soy Manuel, de Reclu (reclu.cl).

Contacto a *CLÍNICA ODONTOLÓGICA BOCA A BOCA* porque quien los encuentra en Maps no tiene un sitio web claro como siguiente paso. Ayudamos a clínicas dentales a captar reservas y consultas de nuevos pacientes con sitios claros y profesionales.

En nuestra galería hay una propuesta que podría acomodarse a su línea, y varias más si desean comparar estilos:
https://reclu.cl/propuesta/dentista-b-azul-cian
Más opciones: https://reclu.cl/galeria/dental

Si les parece pertinente, respondan aquí o reserven 10 minutos en nuestra web:
https://reclu.cl/?agendar=1

Saludos cordiales,
Manuel
Reclu · reclu.cl",pendiente,,,,,,,,,,,https://maps.google.com/?cid=15349295187933320732&g_mp=Cidnb29nbGUubWFwcy5wbGFjZXMudjEuUGxhY2VzLlNlYXJjaFRleHQQAhgEIAA,maps
1,2,LEAD-2026-08-15-02,Clinica Dental Dra Ana Maria Garcia,Clinica Dental Dra Ana Maria Garcia,dentista,Las Condes,56984115225,,none,A,99,clinica-dental-dra-ana-maria-garcia,https://reclu.cl/propuesta/dentista-b-azul-cian,https://reclu.cl/galeria/dental,"tienen presencia en Google Maps, pero no un sitio web propio claro como canal de contacto",1,"Buenos días.

Soy Manuel, de Reclu (reclu.cl), estudio de diseño y desarrollo web en Santiago.

Escribo por *Clinica Dental Dra Ana Maria Garcia* (Las Condes): tienen presencia en Google Maps, pero no un sitio web propio claro como canal de contacto. En clínicas dentales, eso suele dificultar captar reservas y consultas de nuevos pacientes.

Tenemos una propuesta de diseño para este rubro que puede encajar con el estilo que buscan. También contamos con varias alternativas si prefieren otro enfoque visual:
https://reclu.cl/propuesta/dentista-b-azul-cian
Galería del rubro: https://reclu.cl/galeria/dental

Si les interesa explorarlo, pueden responder este mensaje o agendar una reunión breve aquí:
https://reclu.cl/?agendar=1

Si no es de su interés, indíquelo y no insistimos.

Manuel
Reclu · reclu.cl",pendiente,,,,,,,,,,,https://maps.google.com/?cid=1443572633578433284&g_mp=Cidnb29nbGUubWFwcy5wbGFjZXMudjEuUGxhY2VzLlNlYXJjaFRleHQQAhgEIAA,maps
1,3,LEAD-2026-08-15-47,Dra. Daniela Figueroa Caballero,Dra. Daniela Figueroa Caballero | Endodoncista,dentista,Las Condes,56987682422,,none,A,99,dra-daniela-figueroa-caballero-endodoncista,https://reclu.cl/propuesta/dentista-b-azul-cian,https://reclu.cl/galeria/dental,quien los encuentra en Maps no tiene un sitio web claro como siguiente paso,4,"Buenos días.

Soy Manuel · Reclu.

Respecto de *Dra. Daniela Figueroa Caballero* (Las Condes): quien los encuentra en Maps no tiene un sitio web claro como siguiente paso.

Les dejo una propuesta de referencia para clínicas dentales (mismo tipo de negocio; pueden ver el estilo y decirnos si va en la dirección correcta). Si prefieren otra línea visual, tenemos más diseños en galería:
https://reclu.cl/propuesta/dentista-b-azul-cian

Para conversar: respondan este WhatsApp o agenden en https://reclu.cl/?agendar=1.

Quedo atento.
Manuel
Reclu · reclu.cl",pendiente,,,,,,,,,,,https://maps.google.com/?cid=11335850226646258651&g_mp=Cidnb29nbGUubWFwcy5wbGFjZXMudjEuUGxhY2VzLlNlYXJjaFRleHQQAhgEIAA,maps
1,4,LEAD-2026-08-15-28,Dentymed Spa - Clínica Dental Ñuñoa / Ortodonc…,Dentymed Spa - Clínica Dental Ñuñoa / Ortodoncia - Odontología Infantil,dentista,Ñuñoa,56968723874,https://sites.google.com/view/dentymedspa/inicio,none,A,97,dentymed-spa-clinica-dental-nunoa-ortodoncia-odo,https://reclu.cl/propuesta/dentista-b-azul-cian,https://reclu.cl/galeria/dental,quien los encuentra en Maps no tiene un sitio web claro como siguiente paso,2,"Buenos días.

Me presento: Manuel, de Reclu. Diseñamos sitios web para empresas en Chile, con foco en claridad y conversión.

Revisando la presencia en Maps de *Dentymed Spa - Clínica Dental Ñuñoa / Ortodonc…* (Ñuñoa), notamos que quien los encuentra en Maps no tiene un sitio web claro como siguiente paso.

Les comparto una referencia de diseño para clínicas dentales: no es un sitio publicado a su nombre, sino una propuesta de estilo que suele calzar bien en el rubro. Si no encaja, tenemos otros diseños disponibles:
https://reclu.cl/propuesta/dentista-b-azul-cian

Quedo atento por este medio, o pueden agendar directamente en:
https://reclu.cl/?agendar=1

Manuel
Reclu · reclu.cl",pendiente,,,,,,,,,,,https://maps.google.com/?cid=8507947409502800657&g_mp=Cidnb29nbGUubWFwcy5wbGFjZXMudjEuUGxhY2VzLlNlYXJjaFRleHQQAhgEIAA,maps
1,5,LEAD-2026-08-17-26,Bites Odontopediatria,Bites Odontopediatria,dentista,Vitacura,56920961482,http://www.bitesodontopediatria.cl/,http,A,94,bites-odontopediatria,https://reclu.cl/propuesta/dentista-b-azul-cian,https://reclu.cl/galeria/dental,la web no prioriza de forma evidente la captación de consultas en el primer pantallazo,1,"Buenos días.

Soy Manuel, de Reclu (reclu.cl), estudio de diseño y desarrollo web en Santiago.

Escribo por *Bites Odontopediatria* (Vitacura): la web no prioriza de forma evidente la captación de consultas en el primer pantallazo. En clínicas dentales, eso suele dificultar captar reservas y consultas de nuevos pacientes.

Tenemos una propuesta de diseño para este rubro que puede encajar con el estilo que buscan. También contamos con varias alternativas si prefieren otro enfoque visual:
https://reclu.cl/propuesta/dentista-b-azul-cian
Galería del rubro: https://reclu.cl/galeria/dental

Si les interesa explorarlo, pueden responder este mensaje o agendar una reunión breve aquí:
https://reclu.cl/?agendar=1

Si no es de su interés, indíquelo y no insistimos.

Manuel
Reclu · reclu.cl",pendiente,,,,,,,,,,,https://maps.google.com/?cid=9857321796822243310&g_mp=Cidnb29nbGUubWFwcy5wbGFjZXMudjEuUGxhY2VzLlNlYXJjaFRleHQQAhgEIAA,maps
1,6,LEAD-2026-08-15-01,Centro Odontológico Las Condes,Centro Odontológico Las Condes|Dentista en Las Condes|Alineadores|Ortodoncia niños y adultos|Blanqueamiento,dentista,Las Condes,56951034642,http://www.colc.cl/,http,A,94,centro-odontologico-las-condes-dentista-en-las-c,https://reclu.cl/propuesta/dentista-b-azul-cian,https://reclu.cl/galeria/dental,"el sitio actual, en móvil, no deja del todo claro cómo contactarlos o avanzar",2,"Buenos días.

Me presento: Manuel, de Reclu. Diseñamos sitios web para empresas en Chile, con foco en claridad y conversión.

Revisando la presencia en Maps de *Centro Odontológico Las Condes* (Las Condes), notamos que el sitio actual, en móvil, no deja del todo claro cómo contactarlos o avanzar.

Les comparto una referencia de diseño para clínicas dentales: no es un sitio publicado a su nombre, sino una propuesta de estilo que suele calzar bien en el rubro. Si no encaja, tenemos otros diseños disponibles:
https://reclu.cl/propuesta/dentista-b-azul-cian

Quedo atento por este medio, o pueden agendar directamente en:
https://reclu.cl/?agendar=1

Manuel
Reclu · reclu.cl",pendiente,,,,,,,,,,,https://maps.google.com/?cid=17275955904241832280&g_mp=Cidnb29nbGUubWFwcy5wbGFjZXMudjEuUGxhY2VzLlNlYXJjaFRleHQQAhgEIAA,maps
1,7,LEAD-2026-08-15-06,Clinica Dental Providencia Dra Pilar Angel,Clinica Dental Providencia Dra Pilar Angel,dentista,Providencia,56976728977,http://www.drapilarangel.cl/,http,A,94,clinica-dental-providencia-dra-pilar-angel,https://reclu.cl/propuesta/dentista-b-azul-cian,https://reclu.cl/galeria/dental,la web no prioriza de forma evidente la captación de consultas en el primer pantallazo,2,"Buenos días.

Me presento: Manuel, de Reclu. Diseñamos sitios web para empresas en Chile, con foco en claridad y conversión.

Revisando la presencia en Maps de *Clinica Dental Providencia Dra Pilar Angel* (Providencia), notamos que la web no prioriza de forma evidente la captación de consultas en el primer pantallazo.

Les comparto una referencia de diseño para clínicas dentales: no es un sitio publicado a su nombre, sino una propuesta de estilo que suele calzar bien en el rubro. Si no encaja, tenemos otros diseños disponibles:
https://reclu.cl/propuesta/dentista-b-azul-cian

Quedo atento por este medio, o pueden agendar directamente en:
https://reclu.cl/?agendar=1

Manuel
Reclu · reclu.cl",pendiente,,,,,,,,,,,https://maps.google.com/?cid=13657551791065871557&g_mp=Cidnb29nbGUubWFwcy5wbGFjZXMudjEuUGxhY2VzLlNlYXJjaFRleHQQAhgEIAA,maps
1,8,LEAD-2026-08-15-44,Clínica Beladent - Las Condes,Clínica Beladent - Las Condes,dentista,Las Condes,56974349205,http://www.beladent.cl/,http,A,94,clinica-beladent-las-condes,https://reclu.cl/propuesta/dentista-b-azul-cian,https://reclu.cl/galeria/dental,"el sitio actual, en móvil, no deja del todo claro cómo contactarlos o avanzar",3,"Estimados,

Soy Manuel, de Reclu (reclu.cl).

Contacto a *Clínica Beladent - Las Condes* porque el sitio actual, en móvil, no deja del todo claro cómo contactarlos o avanzar. Ayudamos a clínicas dentales a captar reservas y consultas de nuevos pacientes con sitios claros y profesionales.

En nuestra galería hay una propuesta que podría acomodarse a su línea, y varias más si desean comparar estilos:
https://reclu.cl/propuesta/dentista-b-azul-cian
Más opciones: https://reclu.cl/galeria/dental

Si les parece pertinente, respondan aquí o reserven 10 minutos en nuestra web:
https://reclu.cl/?agendar=1

Saludos cordiales,
Manuel
Reclu · reclu.cl",pendiente,,,,,,,,,,,https://maps.google.com/?cid=12972397734986630881&g_mp=Cidnb29nbGUubWFwcy5wbGFjZXMudjEuUGxhY2VzLlNlYXJjaFRleHQQAhgEIAA,maps
1,9,LEAD-2026-08-15-46,Clínica Dental Boutique AIEN Odontología,Clínica Dental Boutique AIEN Odontología,dentista,Las Condes,56975778961,http://www.aien.cl/,http,A,94,clinica-dental-boutique-aien-odontologia,https://reclu.cl/propuesta/dentista-b-azul-cian,https://reclu.cl/galeria/dental,la web no prioriza de forma evidente la captación de consultas en el primer pantallazo,3,"Estimados,

Soy Manuel, de Reclu (reclu.cl).

Contacto a *Clínica Dental Boutique AIEN Odontología* porque la web no prioriza de forma evidente la captación de consultas en el primer pantallazo. Ayudamos a clínicas dentales a captar reservas y consultas de nuevos pacientes con sitios claros y profesionales.

En nuestra galería hay una propuesta que podría acomodarse a su línea, y varias más si desean comparar estilos:
https://reclu.cl/propuesta/dentista-b-azul-cian
Más opciones: https://reclu.cl/galeria/dental

Si les parece pertinente, respondan aquí o reserven 10 minutos en nuestra web:
https://reclu.cl/?agendar=1

Saludos cordiales,
Manuel
Reclu · reclu.cl",pendiente,,,,,,,,,,,https://maps.google.com/?cid=10735409908166867453&g_mp=Cidnb29nbGUubWFwcy5wbGFjZXMudjEuUGxhY2VzLlNlYXJjaFRleHQQAhgEIAA,maps
1,10,LEAD-2026-08-17-09,"Dentista, Clínica Dental CEOS - Providencia","Dentista, Clínica Dental CEOS - Providencia",dentista,Providencia,56944979077,http://www.ceos.cl/,http,A,94,dentista-clinica-dental-ceos-providencia,https://reclu.cl/propuesta/dentista-b-azul-cian,https://reclu.cl/galeria/dental,la web no prioriza de forma evidente la captación de consultas en el primer pantallazo,4,"Buenos días.

Soy Manuel · Reclu.

Respecto de *Dentista, Clínica Dental CEOS - Providencia* (Providencia): la web no prioriza de forma evidente la captación de consultas en el primer pantallazo.

Les dejo una propuesta de referencia para clínicas dentales (mismo tipo de negocio; pueden ver el estilo y decirnos si va en la dirección correcta). Si prefieren otra línea visual, tenemos más diseños en galería:
https://reclu.cl/propuesta/dentista-b-azul-cian

Para conversar: respondan este WhatsApp o agenden en https://reclu.cl/?agendar=1.

Quedo atento.
Manuel
Reclu · reclu.cl",pendiente,,,,,,,,,,,https://maps.google.com/?cid=16959063683205733372&g_mp=Cidnb29nbGUubWFwcy5wbGFjZXMudjEuUGxhY2VzLlNlYXJjaFRleHQQAhgEIAA,maps
1,11,LEAD-2026-08-15-03,Odontología Cerro el Plomo,Odontología Cerro el Plomo,dentista,Las Condes,56988932578,,none,A,93,odontologia-cerro-el-plomo,https://reclu.cl/propuesta/dentista-b-azul-cian,https://reclu.cl/galeria/dental,"aparecen en Maps y, aun así, no se observa una web institucional evidente",3,"Estimados,

Soy Manuel, de Reclu (reclu.cl).

Contacto a *Odontología Cerro el Plomo* porque aparecen en Maps y, aun así, no se observa una web institucional evidente. Ayudamos a clínicas dentales a captar reservas y consultas de nuevos pacientes con sitios claros y profesionales.

En nuestra galería hay una propuesta que podría acomodarse a su línea, y varias más si desean comparar estilos:
https://reclu.cl/propuesta/dentista-b-azul-cian
Más opciones: https://reclu.cl/galeria/dental

Si les parece pertinente, respondan aquí o reserven 10 minutos en nuestra web:
https://reclu.cl/?agendar=1

Saludos cordiales,
Manuel
Reclu · reclu.cl",pendiente,,,,,,,,,,,https://maps.google.com/?cid=7625529730551199403&g_mp=Cidnb29nbGUubWFwcy5wbGFjZXMudjEuUGxhY2VzLlNlYXJjaFRleHQQAhgEIAA,maps
1,12,LEAD-2026-08-17-24,Clinica AV Odontología,Clinica AV Odontología,dentista,Vitacura,56940055432,http://www.avodontologia.cl/,http,A,92,clinica-av-odontologia,https://reclu.cl/propuesta/dentista-b-azul-cian,https://reclu.cl/galeria/dental,la web no prioriza de forma evidente la captación de consultas en el primer pantallazo,4,"Buenos días.

Soy Manuel · Reclu.

Respecto de *Clinica AV Odontología* (Vitacura): la web no prioriza de forma evidente la captación de consultas en el primer pantallazo.

Les dejo una propuesta de referencia para clínicas dentales (mismo tipo de negocio; pueden ver el estilo y decirnos si va en la dirección correcta). Si prefieren otra línea visual, tenemos más diseños en galería:
https://reclu.cl/propuesta/dentista-b-azul-cian

Para conversar: respondan este WhatsApp o agenden en https://reclu.cl/?agendar=1.

Quedo atento.
Manuel
Reclu · reclu.cl",pendiente,,,,,,,,,,,https://maps.google.com/?cid=13717416939905457573&g_mp=Cidnb29nbGUubWFwcy5wbGFjZXMudjEuUGxhY2VzLlNlYXJjaFRleHQQAhgEIAA,maps
1,13,LEAD-2026-08-17-05,Clínica Dental Alberto Rosenberg,Clínica Dental Alberto Rosenberg,dentista,Las Condes,56950099587,http://www.clinicarosenberg.com/,http,A,92,clinica-dental-alberto-rosenberg,https://reclu.cl/propuesta/dentista-b-azul-cian,https://reclu.cl/galeria/dental,"el sitio actual, en móvil, no deja del todo claro cómo contactarlos o avanzar",4,"Buenos días.

Soy Manuel · Reclu.

Respecto de *Clínica Dental Alberto Rosenberg* (Las Condes): el sitio actual, en móvil, no deja del todo claro cómo contactarlos o avanzar.

Les dejo una propuesta de referencia para clínicas dentales (mismo tipo de negocio; pueden ver el estilo y decirnos si va en la dirección correcta). Si prefieren otra línea visual, tenemos más diseños en galería:
https://reclu.cl/propuesta/dentista-b-azul-cian

Para conversar: respondan este WhatsApp o agenden en https://reclu.cl/?agendar=1.

Quedo atento.
Manuel
Reclu · reclu.cl",pendiente,,,,,,,,,,,https://maps.google.com/?cid=14735727083890325254&g_mp=Cidnb29nbGUubWFwcy5wbGFjZXMudjEuUGxhY2VzLlNlYXJjaFRleHQQAhgEIAA,maps
1,14,LEAD-2026-08-17-365,Clínica Ortodontik Vitacura,Clínica Ortodontik Vitacura,dentista,Vitacura,56932059788,http://www.ortodontik.cl/,http,A,92,clinica-ortodontik-vitacura,https://reclu.cl/propuesta/dentista-b-azul-cian,https://reclu.cl/galeria/dental,desde el celular cuesta identificar con rapidez el siguiente paso de contacto,3,"Estimados,

Soy Manuel, de Reclu (reclu.cl).

Contacto a *Clínica Ortodontik Vitacura* porque desde el celular cuesta identificar con rapidez el siguiente paso de contacto. Ayudamos a clínicas dentales a captar reservas y consultas de nuevos pacientes con sitios claros y profesionales.

En nuestra galería hay una propuesta que podría acomodarse a su línea, y varias más si desean comparar estilos:
https://reclu.cl/propuesta/dentista-b-azul-cian
Más opciones: https://reclu.cl/galeria/dental

Si les parece pertinente, respondan aquí o reserven 10 minutos en nuestra web:
https://reclu.cl/?agendar=1

Saludos cordiales,
Manuel
Reclu · reclu.cl",pendiente,,,,,,,,,,,https://maps.google.com/?cid=10096853466991534952&g_mp=Cidnb29nbGUubWFwcy5wbGFjZXMudjEuUGxhY2VzLlNlYXJjaFRleHQQAhgEIAA,maps
1,15,LEAD-2026-08-17-33,SmileBoost,SmileBoost,dentista,Vitacura,56927279742,http://www.smileboost.cl/,http,A,92,smileboost,https://reclu.cl/propuesta/dentista-b-azul-cian,https://reclu.cl/galeria/dental,"el sitio actual, en móvil, no deja del todo claro cómo contactarlos o avanzar",1,"Buenos días.

Soy Manuel, de Reclu (reclu.cl), estudio de diseño y desarrollo web en Santiago.

Escribo por *SmileBoost* (Vitacura): el sitio actual, en móvil, no deja del todo claro cómo contactarlos o avanzar. En clínicas dentales, eso suele dificultar captar reservas y consultas de nuevos pacientes.

Tenemos una propuesta de diseño para este rubro que puede encajar con el estilo que buscan. También contamos con varias alternativas si prefieren otro enfoque visual:
https://reclu.cl/propuesta/dentista-b-azul-cian
Galería del rubro: https://reclu.cl/galeria/dental

Si les interesa explorarlo, pueden responder este mensaje o agendar una reunión breve aquí:
https://reclu.cl/?agendar=1

Si no es de su interés, indíquelo y no insistimos.

Manuel
Reclu · reclu.cl",pendiente,,,,,,,,,,,https://maps.google.com/?cid=5291207941101548204&g_mp=Cidnb29nbGUubWFwcy5wbGFjZXMudjEuUGxhY2VzLlNlYXJjaFRleHQQAhgEIAA,maps
1,16,LEAD-2026-08-17-378,Bucalis Clínicas Dentales - Plaza Egaña,Bucalis Clínicas Dentales - Plaza Egaña,dentista,La Reina,56992181913,http://www.bucalis.cl/,http,A,90,bucalis-clinicas-dentales-plaza-egana,https://reclu.cl/propuesta/dentista-b-azul-cian,https://reclu.cl/galeria/dental,"el sitio actual, en móvil, no deja del todo claro cómo contactarlos o avanzar",3,"Estimados,

Soy Manuel, de Reclu (reclu.cl).

Contacto a *Bucalis Clínicas Dentales - Plaza Egaña* porque el sitio actual, en móvil, no deja del todo claro cómo contactarlos o avanzar. Ayudamos a clínicas dentales a captar reservas y consultas de nuevos pacientes con sitios claros y profesionales.

En nuestra galería hay una propuesta que podría acomodarse a su línea, y varias más si desean comparar estilos:
https://reclu.cl/propuesta/dentista-b-azul-cian
Más opciones: https://reclu.cl/galeria/dental

Si les parece pertinente, respondan aquí o reserven 10 minutos en nuestra web:
https://reclu.cl/?agendar=1

Saludos cordiales,
Manuel
Reclu · reclu.cl",pendiente,,,,,,,,,,,https://maps.google.com/?cid=10896557668328882825&g_mp=Cidnb29nbGUubWFwcy5wbGFjZXMudjEuUGxhY2VzLlNlYXJjaFRleHQQAhgEIAA,maps
1,17,LEAD-2026-08-17-380,Clínica Dental - Centro Odontológico RIE,Clínica Dental - Centro Odontológico RIE,dentista,La Reina,56990365224,http://www.centrorie.cl/,http,A,90,clinica-dental-centro-odontologico-rie,https://reclu.cl/propuesta/dentista-b-azul-cian,https://reclu.cl/galeria/dental,"el sitio actual, en móvil, no deja del todo claro cómo contactarlos o avanzar",4,"Buenos días.

Soy Manuel · Reclu.

Respecto de *Clínica Dental - Centro Odontológico RIE* (La Reina): el sitio actual, en móvil, no deja del todo claro cómo contactarlos o avanzar.

Les dejo una propuesta de referencia para clínicas dentales (mismo tipo de negocio; pueden ver el estilo y decirnos si va en la dirección correcta). Si prefieren otra línea visual, tenemos más diseños en galería:
https://reclu.cl/propuesta/dentista-b-azul-cian

Para conversar: respondan este WhatsApp o agenden en https://reclu.cl/?agendar=1.

Quedo atento.
Manuel
Reclu · reclu.cl",pendiente,,,,,,,,,,,https://maps.google.com/?cid=16661465208172775940&g_mp=Cidnb29nbGUubWFwcy5wbGFjZXMudjEuUGxhY2VzLlNlYXJjaFRleHQQAhgEIAA,maps
1,18,LEAD-2026-08-15-26,Clínica Dental Portaldent Ñuñoa,Clínica Dental Portaldent Ñuñoa | Ortodoncia | Protesis | Tratamiento de conductos | muelas del juicio | limpieza.,dentista,Ñuñoa,56963292684,http://www.portaldentnunoa.cl/,http,A,90,clinica-dental-portaldent-nunoa-ortodoncia-prote,https://reclu.cl/propuesta/dentista-b-azul-cian,https://reclu.cl/galeria/dental,"el sitio actual, en móvil, no deja del todo claro cómo contactarlos o avanzar",1,"Buenos días.

Soy Manuel, de Reclu (reclu.cl), estudio de diseño y desarrollo web en Santiago.

Escribo por *Clínica Dental Portaldent Ñuñoa* (Ñuñoa): el sitio actual, en móvil, no deja del todo claro cómo contactarlos o avanzar. En clínicas dentales, eso suele dificultar captar reservas y consultas de nuevos pacientes.

Tenemos una propuesta de diseño para este rubro que puede encajar con el estilo que buscan. También contamos con varias alternativas si prefieren otro enfoque visual:
https://reclu.cl/propuesta/dentista-b-azul-cian
Galería del rubro: https://reclu.cl/galeria/dental

Si les interesa explorarlo, pueden responder este mensaje o agendar una reunión breve aquí:
https://reclu.cl/?agendar=1

Si no es de su interés, indíquelo y no insistimos.

Manuel
Reclu · reclu.cl",pendiente,,,,,,,,,,,https://maps.google.com/?cid=11027378199226851786&g_mp=Cidnb29nbGUubWFwcy5wbGFjZXMudjEuUGxhY2VzLlNlYXJjaFRleHQQAhgEIAA,maps
1,19,LEAD-2026-08-17-39,Clínica Dr. Francisco Butorovic y Asociados,Clínica Dr. Francisco Butorovic y Asociados,dentista,La Reina,56977366537,http://drbutorovicblend.cl/,http,A,90,clinica-dr-francisco-butorovic-y-asociados,https://reclu.cl/propuesta/dentista-b-azul-cian,https://reclu.cl/galeria/dental,la web no prioriza de forma evidente la captación de consultas en el primer pantallazo,1,"Buenos días.

Soy Manuel, de Reclu (reclu.cl), estudio de diseño y desarrollo web en Santiago.

Escribo por *Clínica Dr. Francisco Butorovic y Asociados* (La Reina): la web no prioriza de forma evidente la captación de consultas en el primer pantallazo. En clínicas dentales, eso suele dificultar captar reservas y consultas de nuevos pacientes.

Tenemos una propuesta de diseño para este rubro que puede encajar con el estilo que buscan. También contamos con varias alternativas si prefieren otro enfoque visual:
https://reclu.cl/propuesta/dentista-b-azul-cian
Galería del rubro: https://reclu.cl/galeria/dental

Si les interesa explorarlo, pueden responder este mensaje o agendar una reunión breve aquí:
https://reclu.cl/?agendar=1

Si no es de su interés, indíquelo y no insistimos.

Manuel
Reclu · reclu.cl",pendiente,,,,,,,,,,,https://maps.google.com/?cid=5155863981664328491&g_mp=Cidnb29nbGUubWFwcy5wbGFjZXMudjEuUGxhY2VzLlNlYXJjaFRleHQQAhgEIAA,maps
1,20,LEAD-2026-08-17-58,Zenclinic Clínica Dental,Zenclinic Clínica Dental,dentista,Lo Barnechea,56933151853,http://www.zenclinic.cl/,http,A,90,zenclinic-clinica-dental,https://reclu.cl/propuesta/dentista-b-azul-cian,https://reclu.cl/galeria/dental,la web no prioriza de forma evidente la captación de consultas en el primer pantallazo,2,"Buenos días.

Me presento: Manuel, de Reclu. Diseñamos sitios web para empresas en Chile, con foco en claridad y conversión.

Revisando la presencia en Maps de *Zenclinic Clínica Dental* (Lo Barnechea), notamos que la web no prioriza de forma evidente la captación de consultas en el primer pantallazo.

Les comparto una referencia de diseño para clínicas dentales: no es un sitio publicado a su nombre, sino una propuesta de estilo que suele calzar bien en el rubro. Si no encaja, tenemos otros diseños disponibles:
https://reclu.cl/propuesta/dentista-b-azul-cian

Quedo atento por este medio, o pueden agendar directamente en:
https://reclu.cl/?agendar=1

Manuel
Reclu · reclu.cl",pendiente,,,,,,,,,,,https://maps.google.com/?cid=2823573549888844644&g_mp=Cidnb29nbGUubWFwcy5wbGFjZXMudjEuUGxhY2VzLlNlYXJjaFRleHQQAhgEIAA,maps
1,21,LEAD-2026-08-17-385,Avadent,Avadent,dentista,Ñuñoa,56992459875,http://www.avadent.cl/,http,A,88,avadent,https://reclu.cl/propuesta/dentista-b-azul-cian,https://reclu.cl/galeria/dental,"el sitio actual, en móvil, no deja del todo claro cómo contactarlos o avanzar",2,"Buenos días.

Me presento: Manuel, de Reclu. Diseñamos sitios web para empresas en Chile, con foco en claridad y conversión.

Revisando la presencia en Maps de *Avadent* (Ñuñoa), notamos que el sitio actual, en móvil, no deja del todo claro cómo contactarlos o avanzar.

Les comparto una referencia de diseño para clínicas dentales: no es un sitio publicado a su nombre, sino una propuesta de estilo que suele calzar bien en el rubro. Si no encaja, tenemos otros diseños disponibles:
https://reclu.cl/propuesta/dentista-b-azul-cian

Quedo atento por este medio, o pueden agendar directamente en:
https://reclu.cl/?agendar=1

Manuel
Reclu · reclu.cl",pendiente,,,,,,,,,,,https://maps.google.com/?cid=7880286625094041451&g_mp=Cidnb29nbGUubWFwcy5wbGFjZXMudjEuUGxhY2VzLlNlYXJjaFRleHQQAhgEIAA,maps
1,22,LEAD-2026-08-17-2920,PORTOSALUD Clinica Odontologica y Estetica con…,PORTOSALUD Clinica Odontologica y Estetica con Urgencia Dental y Endodoncias,dentista,Providencia,56954123776,http://www.portosalud.cl/,http,A,88,portosalud-clinica-odontologica-y-estetica-con-u,https://reclu.cl/propuesta/dentista-b-azul-cian,https://reclu.cl/galeria/dental,la web no prioriza de forma evidente la captación de consultas en el primer pantallazo,4,"Buenos días.

Soy Manuel · Reclu.

Respecto de *PORTOSALUD Clinica Odontologica y Estetica con…* (Providencia): la web no prioriza de forma evidente la captación de consultas en el primer pantallazo.

Les dejo una propuesta de referencia para clínicas dentales (mismo tipo de negocio; pueden ver el estilo y decirnos si va en la dirección correcta). Si prefieren otra línea visual, tenemos más diseños en galería:
https://reclu.cl/propuesta/dentista-b-azul-cian

Para conversar: respondan este WhatsApp o agenden en https://reclu.cl/?agendar=1.

Quedo atento.
Manuel
Reclu · reclu.cl",pendiente,,,,,,,,,,,https://maps.google.com/?cid=3236800557261497198&g_mp=Cidnb29nbGUubWFwcy5wbGFjZXMudjEuUGxhY2VzLlNlYXJjaFRleHQQAhgEIAA,maps
1,23,LEAD-2026-08-15-42,"Dra. Stephanie Borgstedt, Cirujana Dentista","Dra. Stephanie Borgstedt, Cirujana Dentista",dentista,Las Condes,56978069216,,none,A,87,dra-stephanie-borgstedt-cirujana-dentista,https://reclu.cl/propuesta/dentista-b-azul-cian,https://reclu.cl/galeria/dental,quien los encuentra en Maps no tiene un sitio web claro como siguiente paso,4,"Buenos días.

Soy Manuel · Reclu.

Respecto de *Dra. Stephanie Borgstedt, Cirujana Dentista* (Las Condes): quien los encuentra en Maps no tiene un sitio web claro como siguiente paso.

Les dejo una propuesta de referencia para clínicas dentales (mismo tipo de negocio; pueden ver el estilo y decirnos si va en la dirección correcta). Si prefieren otra línea visual, tenemos más diseños en galería:
https://reclu.cl/propuesta/dentista-b-azul-cian

Para conversar: respondan este WhatsApp o agenden en https://reclu.cl/?agendar=1.

Quedo atento.
Manuel
Reclu · reclu.cl",pendiente,,,,,,,,,,,https://maps.google.com/?cid=18178277689911874905&g_mp=Cidnb29nbGUubWFwcy5wbGFjZXMudjEuUGxhY2VzLlNlYXJjaFRleHQQAhgEIAA,maps
1,24,LEAD-2026-08-25-3279,Clínica Dental Miró,Clínica Dental Miró,dentista,Providencia,56935572986,http://www.clinicamiro.cl/,http,A,86,clinica-dental-miro,https://reclu.cl/propuesta/dentista-b-azul-cian,https://reclu.cl/galeria/dental,desde el celular cuesta identificar con rapidez el siguiente paso de contacto,2,"Buenos días.

Me presento: Manuel, de Reclu. Diseñamos sitios web para empresas en Chile, con foco en claridad y conversión.

Revisando la presencia en Maps de *Clínica Dental Miró* (Providencia), notamos que desde el celular cuesta identificar con rapidez el siguiente paso de contacto.

Les comparto una referencia de diseño para clínicas dentales: no es un sitio publicado a su nombre, sino una propuesta de estilo que suele calzar bien en el rubro. Si no encaja, tenemos otros diseños disponibles:
https://reclu.cl/propuesta/dentista-b-azul-cian

Quedo atento por este medio, o pueden agendar directamente en:
https://reclu.cl/?agendar=1

Manuel
Reclu · reclu.cl",pendiente,,,,,,,,,,,https://maps.google.com/?cid=1492451580424299145&g_mp=Cidnb29nbGUubWFwcy5wbGFjZXMudjEuUGxhY2VzLlNlYXJjaFRleHQQAhgEIAA,maps
1,25,LEAD-2026-08-15-45,Clínica Nórdica,Clínica Nórdica,dentista,Las Condes,56990737035,http://clinicanordica.cl/,http,A,86,clinica-nordica,https://reclu.cl/propuesta/dentista-b-azul-cian,https://reclu.cl/galeria/dental,"el sitio actual, en móvil, no deja del todo claro cómo contactarlos o avanzar",3,"Estimados,

Soy Manuel, de Reclu (reclu.cl).

Contacto a *Clínica Nórdica* porque el sitio actual, en móvil, no deja del todo claro cómo contactarlos o avanzar. Ayudamos a clínicas dentales a captar reservas y consultas de nuevos pacientes con sitios claros y profesionales.

En nuestra galería hay una propuesta que podría acomodarse a su línea, y varias más si desean comparar estilos:
https://reclu.cl/propuesta/dentista-b-azul-cian
Más opciones: https://reclu.cl/galeria/dental

Si les parece pertinente, respondan aquí o reserven 10 minutos en nuestra web:
https://reclu.cl/?agendar=1

Saludos cordiales,
Manuel
Reclu · reclu.cl",pendiente,,,,,,,,,,,https://maps.google.com/?cid=15929238325284228152&g_mp=Cidnb29nbGUubWFwcy5wbGFjZXMudjEuUGxhY2VzLlNlYXJjaFRleHQQAhgEIAA,maps
1,26,LEAD-2026-08-17-363,DENTIVA Clinica Dental y Estetica,DENTIVA Clinica Dental y Estetica,dentista,Providencia,56999935071,http://www.dentiva.cl/,http,A,86,dentiva-clinica-dental-y-estetica,https://reclu.cl/propuesta/dentista-b-azul-cian,https://reclu.cl/galeria/dental,"el sitio actual, en móvil, no deja del todo claro cómo contactarlos o avanzar",4,"Buenos días.

Soy Manuel · Reclu.

Respecto de *DENTIVA Clinica Dental y Estetica* (Providencia): el sitio actual, en móvil, no deja del todo claro cómo contactarlos o avanzar.

Les dejo una propuesta de referencia para clínicas dentales (mismo tipo de negocio; pueden ver el estilo y decirnos si va en la dirección correcta). Si prefieren otra línea visual, tenemos más diseños en galería:
https://reclu.cl/propuesta/dentista-b-azul-cian

Para conversar: respondan este WhatsApp o agenden en https://reclu.cl/?agendar=1.

Quedo atento.
Manuel
Reclu · reclu.cl",pendiente,,,,,,,,,,,https://maps.google.com/?cid=5921620846028441151&g_mp=Cidnb29nbGUubWFwcy5wbGFjZXMudjEuUGxhY2VzLlNlYXJjaFRleHQQAhgEIAA,maps
1,27,LEAD-2026-08-17-32,Parra Cerutti Odontologia,Parra Cerutti Odontologia,dentista,Vitacura,56932661307,http://www.parracerutti.cl/,http,A,86,parra-cerutti-odontologia,https://reclu.cl/propuesta/dentista-b-azul-cian,https://reclu.cl/galeria/dental,"el sitio actual, en móvil, no deja del todo claro cómo contactarlos o avanzar",1,"Buenos días.

Soy Manuel, de Reclu (reclu.cl), estudio de diseño y desarrollo web en Santiago.

Escribo por *Parra Cerutti Odontologia* (Vitacura): el sitio actual, en móvil, no deja del todo claro cómo contactarlos o avanzar. En clínicas dentales, eso suele dificultar captar reservas y consultas de nuevos pacientes.

Tenemos una propuesta de diseño para este rubro que puede encajar con el estilo que buscan. También contamos con varias alternativas si prefieren otro enfoque visual:
https://reclu.cl/propuesta/dentista-b-azul-cian
Galería del rubro: https://reclu.cl/galeria/dental

Si les interesa explorarlo, pueden responder este mensaje o agendar una reunión breve aquí:
https://reclu.cl/?agendar=1

Si no es de su interés, indíquelo y no insistimos.

Manuel
Reclu · reclu.cl",pendiente,,,,,,,,,,,https://maps.google.com/?cid=3680176397619495152&g_mp=Cidnb29nbGUubWFwcy5wbGFjZXMudjEuUGxhY2VzLlNlYXJjaFRleHQQAhgEIAA,maps
1,28,LEAD-2026-08-17-339,Viva en Salud,Viva en Salud,dentista,Las Condes,56932348843,http://www.vivaensalud.cl/,http,A,86,viva-en-salud,https://reclu.cl/propuesta/dentista-b-azul-cian,https://reclu.cl/galeria/dental,la web no prioriza de forma evidente la captación de consultas en el primer pantallazo,4,"Buenos días.

Soy Manuel · Reclu.

Respecto de *Viva en Salud* (Las Condes): la web no prioriza de forma evidente la captación de consultas en el primer pantallazo.

Les dejo una propuesta de referencia para clínicas dentales (mismo tipo de negocio; pueden ver el estilo y decirnos si va en la dirección correcta). Si prefieren otra línea visual, tenemos más diseños en galería:
https://reclu.cl/propuesta/dentista-b-azul-cian

Para conversar: respondan este WhatsApp o agenden en https://reclu.cl/?agendar=1.

Quedo atento.
Manuel
Reclu · reclu.cl",pendiente,,,,,,,,,,,https://maps.google.com/?cid=133864072012752419&g_mp=Cidnb29nbGUubWFwcy5wbGFjZXMudjEuUGxhY2VzLlNlYXJjaFRleHQQAhgEIAA,maps
1,29,LEAD-2026-08-17-1256,AvilaDent,AvilaDent,dentista,Santiago,56982876644,http://www.aviladent.cl/,http,A,85,aviladent,https://reclu.cl/propuesta/dentista-b-azul-cian,https://reclu.cl/galeria/dental,desde el celular cuesta identificar con rapidez el siguiente paso de contacto,2,"Buenos días.

Me presento: Manuel, de Reclu. Diseñamos sitios web para empresas en Chile, con foco en claridad y conversión.

Revisando la presencia en Maps de *AvilaDent* (Santiago), notamos que desde el celular cuesta identificar con rapidez el siguiente paso de contacto.

Les comparto una referencia de diseño para clínicas dentales: no es un sitio publicado a su nombre, sino una propuesta de estilo que suele calzar bien en el rubro. Si no encaja, tenemos otros diseños disponibles:
https://reclu.cl/propuesta/dentista-b-azul-cian

Quedo atento por este medio, o pueden agendar directamente en:
https://reclu.cl/?agendar=1

Manuel
Reclu · reclu.cl",pendiente,,,,,,,,,,,https://maps.google.com/?cid=9959627880169932242&g_mp=Cidnb29nbGUubWFwcy5wbGFjZXMudjEuUGxhY2VzLlNlYXJjaFRleHQQAhgEIAA,maps
1,30,LEAD-2026-08-17-3091,CEOM - Centro de Ortodoncia del Maule,CEOM - Centro de Ortodoncia del Maule,dentista,Talca,56940034778,http://www.ceom.cl/,http,A,85,ceom-centro-de-ortodoncia-del-maule,https://reclu.cl/propuesta/dentista-b-azul-cian,https://reclu.cl/galeria/dental,desde el celular cuesta identificar con rapidez el siguiente paso de contacto,2,"Buenos días.

Me presento: Manuel, de Reclu. Diseñamos sitios web para empresas en Chile, con foco en claridad y conversión.

Revisando la presencia en Maps de *CEOM - Centro de Ortodoncia del Maule* (Talca), notamos que desde el celular cuesta identificar con rapidez el siguiente paso de contacto.

Les comparto una referencia de diseño para clínicas dentales: no es un sitio publicado a su nombre, sino una propuesta de estilo que suele calzar bien en el rubro. Si no encaja, tenemos otros diseños disponibles:
https://reclu.cl/propuesta/dentista-b-azul-cian

Quedo atento por este medio, o pueden agendar directamente en:
https://reclu.cl/?agendar=1

Manuel
Reclu · reclu.cl",pendiente,,,,,,,,,,,https://maps.google.com/?cid=15429354011042949684&g_mp=Cidnb29nbGUubWFwcy5wbGFjZXMudjEuUGxhY2VzLlNlYXJjaFRleHQQAhgEIAA,maps
1,31,LEAD-2026-08-17-1449,CLINICA GOYCOOLEA - Odontología y Ortodoncia,CLINICA GOYCOOLEA - Odontología y Ortodoncia,dentista,Colina,56974980839,http://www.goycoolea.cl/,http,A,85,clinica-goycoolea-odontologia-y-ortodoncia,https://reclu.cl/propuesta/dentista-b-azul-cian,https://reclu.cl/galeria/dental,desde el celular cuesta identificar con rapidez el siguiente paso de contacto,1,"Buenos días.

Soy Manuel, de Reclu (reclu.cl), estudio de diseño y desarrollo web en Santiago.

Escribo por *CLINICA GOYCOOLEA - Odontología y Ortodoncia* (Colina): desde el celular cuesta identificar con rapidez el siguiente paso de contacto. En clínicas dentales, eso suele dificultar captar reservas y consultas de nuevos pacientes.

Tenemos una propuesta de diseño para este rubro que puede encajar con el estilo que buscan. También contamos con varias alternativas si prefieren otro enfoque visual:
https://reclu.cl/propuesta/dentista-b-azul-cian
Galería del rubro: https://reclu.cl/galeria/dental

Si les interesa explorarlo, pueden responder este mensaje o agendar una reunión breve aquí:
https://reclu.cl/?agendar=1

Si no es de su interés, indíquelo y no insistimos.

Manuel
Reclu · reclu.cl",pendiente,,,,,,,,,,,https://maps.google.com/?cid=1691994201563074878&g_mp=Cidnb29nbGUubWFwcy5wbGFjZXMudjEuUGxhY2VzLlNlYXJjaFRleHQQAhgEIAA,maps
1,32,LEAD-2026-08-17-3061,Centro Cümbres,Centro Cümbres,dentista,Antofagasta,56994657220,http://www.ccumbres.com/,http,A,85,centro-cumbres,https://reclu.cl/propuesta/dentista-b-azul-cian,https://reclu.cl/galeria/dental,la web no prioriza de forma evidente la captación de consultas en el primer pantallazo,4,"Buenos días.

Soy Manuel · Reclu.

Respecto de *Centro Cümbres* (Antofagasta): la web no prioriza de forma evidente la captación de consultas en el primer pantallazo.

Les dejo una propuesta de referencia para clínicas dentales (mismo tipo de negocio; pueden ver el estilo y decirnos si va en la dirección correcta). Si prefieren otra línea visual, tenemos más diseños en galería:
https://reclu.cl/propuesta/dentista-b-azul-cian

Para conversar: respondan este WhatsApp o agenden en https://reclu.cl/?agendar=1.

Quedo atento.
Manuel
Reclu · reclu.cl",pendiente,,,,,,,,,,,https://maps.google.com/?cid=8601593401220018110&g_mp=Cidnb29nbGUubWFwcy5wbGFjZXMudjEuUGxhY2VzLlNlYXJjaFRleHQQAhgEIAA,maps
1,33,LEAD-2026-08-17-1322,Centro Médico Premium Salud,Centro Médico Premium Salud,dentista,San Miguel,56948176086,http://www.premiumsalud.cl/,http,A,85,centro-medico-premium-salud,https://reclu.cl/propuesta/dentista-b-azul-cian,https://reclu.cl/galeria/dental,"el sitio actual, en móvil, no deja del todo claro cómo contactarlos o avanzar",1,"Buenos días.

Soy Manuel, de Reclu (reclu.cl), estudio de diseño y desarrollo web en Santiago.

Escribo por *Centro Médico Premium Salud* (San Miguel): el sitio actual, en móvil, no deja del todo claro cómo contactarlos o avanzar. En clínicas dentales, eso suele dificultar captar reservas y consultas de nuevos pacientes.

Tenemos una propuesta de diseño para este rubro que puede encajar con el estilo que buscan. También contamos con varias alternativas si prefieren otro enfoque visual:
https://reclu.cl/propuesta/dentista-b-azul-cian
Galería del rubro: https://reclu.cl/galeria/dental

Si les interesa explorarlo, pueden responder este mensaje o agendar una reunión breve aquí:
https://reclu.cl/?agendar=1

Si no es de su interés, indíquelo y no insistimos.

Manuel
Reclu · reclu.cl",pendiente,,,,,,,,,,,https://maps.google.com/?cid=3331144584219394047&g_mp=Cidnb29nbGUubWFwcy5wbGFjZXMudjEuUGxhY2VzLlNlYXJjaFRleHQQAhgEIAA,maps
1,34,LEAD-2026-08-17-3041,Centro Odontológico Centenario,Centro Odontológico Centenario,dentista,Antofagasta,56987326577,http://www.clinicacentenario.cl/,http,A,85,centro-odontologico-centenario,https://reclu.cl/propuesta/dentista-b-azul-cian,https://reclu.cl/galeria/dental,desde el celular cuesta identificar con rapidez el siguiente paso de contacto,2,"Buenos días.

Me presento: Manuel, de Reclu. Diseñamos sitios web para empresas en Chile, con foco en claridad y conversión.

Revisando la presencia en Maps de *Centro Odontológico Centenario* (Antofagasta), notamos que desde el celular cuesta identificar con rapidez el siguiente paso de contacto.

Les comparto una referencia de diseño para clínicas dentales: no es un sitio publicado a su nombre, sino una propuesta de estilo que suele calzar bien en el rubro. Si no encaja, tenemos otros diseños disponibles:
https://reclu.cl/propuesta/dentista-b-azul-cian

Quedo atento por este medio, o pueden agendar directamente en:
https://reclu.cl/?agendar=1

Manuel
Reclu · reclu.cl",pendiente,,,,,,,,,,,https://maps.google.com/?cid=4211055101351693594&g_mp=Cidnb29nbGUubWFwcy5wbGFjZXMudjEuUGxhY2VzLlNlYXJjaFRleHQQAhgEIAA,maps
1,35,LEAD-2026-08-17-1472,Centro Odontológico San Antonio,Centro Odontológico San Antonio,dentista,Pudahuel,56966598287,http://www.saodontologico.cl/,http,A,85,centro-odontologico-san-antonio,https://reclu.cl/propuesta/dentista-b-azul-cian,https://reclu.cl/galeria/dental,desde el celular cuesta identificar con rapidez el siguiente paso de contacto,4,"Buenos días.

Soy Manuel · Reclu.

Respecto de *Centro Odontológico San Antonio* (Pudahuel): desde el celular cuesta identificar con rapidez el siguiente paso de contacto.

Les dejo una propuesta de referencia para clínicas dentales (mismo tipo de negocio; pueden ver el estilo y decirnos si va en la dirección correcta). Si prefieren otra línea visual, tenemos más diseños en galería:
https://reclu.cl/propuesta/dentista-b-azul-cian

Para conversar: respondan este WhatsApp o agenden en https://reclu.cl/?agendar=1.

Quedo atento.
Manuel
Reclu · reclu.cl",pendiente,,,,,,,,,,,https://maps.google.com/?cid=10654074472435490304&g_mp=Cidnb29nbGUubWFwcy5wbGFjZXMudjEuUGxhY2VzLlNlYXJjaFRleHQQAhgEIAA,maps
1,36,LEAD-2026-08-17-3075,Clinica Dental La Estancia en Talca,Clinica Dental La Estancia en Talca,dentista,Talca,56977794059,http://www.clinicadentallaestancia.cl/,http,A,85,clinica-dental-la-estancia-en-talca,https://reclu.cl/propuesta/dentista-b-azul-cian,https://reclu.cl/galeria/dental,desde el celular cuesta identificar con rapidez el siguiente paso de contacto,1,"Buenos días.

Soy Manuel, de Reclu (reclu.cl), estudio de diseño y desarrollo web en Santiago.

Escribo por *Clinica Dental La Estancia en Talca* (Talca): desde el celular cuesta identificar con rapidez el siguiente paso de contacto. En clínicas dentales, eso suele dificultar captar reservas y consultas de nuevos pacientes.

Tenemos una propuesta de diseño para este rubro que puede encajar con el estilo que buscan. También contamos con varias alternativas si prefieren otro enfoque visual:
https://reclu.cl/propuesta/dentista-b-azul-cian
Galería del rubro: https://reclu.cl/galeria/dental

Si les interesa explorarlo, pueden responder este mensaje o agendar una reunión breve aquí:
https://reclu.cl/?agendar=1

Si no es de su interés, indíquelo y no insistimos.

Manuel
Reclu · reclu.cl",pendiente,,,,,,,,,,,https://maps.google.com/?cid=492488929701452081&g_mp=Cidnb29nbGUubWFwcy5wbGFjZXMudjEuUGxhY2VzLlNlYXJjaFRleHQQAhgEIAA,maps
1,37,LEAD-2026-08-17-3047,Clinica Dental Odontoline,Clinica Dental Odontoline,dentista,Antofagasta,56999398751,http://www.clinicaodontoline.cl/,http,A,85,clinica-dental-odontoline,https://reclu.cl/propuesta/dentista-b-azul-cian,https://reclu.cl/galeria/dental,desde el celular cuesta identificar con rapidez el siguiente paso de contacto,4,"Buenos días.

Soy Manuel · Reclu.

Respecto de *Clinica Dental Odontoline* (Antofagasta): desde el celular cuesta identificar con rapidez el siguiente paso de contacto.

Les dejo una propuesta de referencia para clínicas dentales (mismo tipo de negocio; pueden ver el estilo y decirnos si va en la dirección correcta). Si prefieren otra línea visual, tenemos más diseños en galería:
https://reclu.cl/propuesta/dentista-b-azul-cian

Para conversar: respondan este WhatsApp o agenden en https://reclu.cl/?agendar=1.

Quedo atento.
Manuel
Reclu · reclu.cl",pendiente,,,,,,,,,,,https://maps.google.com/?cid=8325301024118910181&g_mp=Cidnb29nbGUubWFwcy5wbGFjZXMudjEuUGxhY2VzLlNlYXJjaFRleHQQAhgEIAA,maps
1,38,LEAD-2026-08-17-2959,Clinica Smile and Move / Ortodoncia (Odontolog…,Clinica Smile and Move / Ortodoncia (Odontologia en gral.) - Kinesiología - Estética (Facial-Corporal),dentista,Rancagua,56968230892,http://www.clinicasmileandmove.cl/,http,A,85,clinica-smile-and-move-ortodoncia-odontologia-en,https://reclu.cl/propuesta/dentista-b-azul-cian,https://reclu.cl/galeria/dental,la web no prioriza de forma evidente la captación de consultas en el primer pantallazo,3,"Estimados,

Soy Manuel, de Reclu (reclu.cl).

Contacto a *Clinica Smile and Move / Ortodoncia (Odontolog…* porque la web no prioriza de forma evidente la captación de consultas en el primer pantallazo. Ayudamos a clínicas dentales a captar reservas y consultas de nuevos pacientes con sitios claros y profesionales.

En nuestra galería hay una propuesta que podría acomodarse a su línea, y varias más si desean comparar estilos:
https://reclu.cl/propuesta/dentista-b-azul-cian
Más opciones: https://reclu.cl/galeria/dental

Si les parece pertinente, respondan aquí o reserven 10 minutos en nuestra web:
https://reclu.cl/?agendar=1

Saludos cordiales,
Manuel
Reclu · reclu.cl",pendiente,,,,,,,,,,,https://maps.google.com/?cid=672203786442341067&g_mp=Cidnb29nbGUubWFwcy5wbGFjZXMudjEuUGxhY2VzLlNlYXJjaFRleHQQAhgEIAA,maps
1,39,LEAD-2026-08-17-1346,Clinica dental Maipú Dent,Clinica dental Maipú Dent,dentista,Maipú,56994409861,http://maipudent.cl/,http,A,85,clinica-dental-maipu-dent,https://reclu.cl/propuesta/dentista-b-azul-cian,https://reclu.cl/galeria/dental,la web no prioriza de forma evidente la captación de consultas en el primer pantallazo,2,"Buenos días.

Me presento: Manuel, de Reclu. Diseñamos sitios web para empresas en Chile, con foco en claridad y conversión.

Revisando la presencia en Maps de *Clinica dental Maipú Dent* (Maipú), notamos que la web no prioriza de forma evidente la captación de consultas en el primer pantallazo.

Les comparto una referencia de diseño para clínicas dentales: no es un sitio publicado a su nombre, sino una propuesta de estilo que suele calzar bien en el rubro. Si no encaja, tenemos otros diseños disponibles:
https://reclu.cl/propuesta/dentista-b-azul-cian

Quedo atento por este medio, o pueden agendar directamente en:
https://reclu.cl/?agendar=1

Manuel
Reclu · reclu.cl",pendiente,,,,,,,,,,,https://maps.google.com/?cid=4299762935843252088&g_mp=Cidnb29nbGUubWFwcy5wbGFjZXMudjEuUGxhY2VzLlNlYXJjaFRleHQQAhgEIAA,maps
1,40,LEAD-2026-08-17-1263,Clínica Cenn,Clínica Cenn | Clínica Odontológica en Santiago Centro,dentista,Santiago,56973910622,http://www.clinicacenn.cl/,http,A,85,clinica-cenn-clinica-odontologica-en-santiago-ce,https://reclu.cl/propuesta/dentista-b-azul-cian,https://reclu.cl/galeria/dental,desde el celular cuesta identificar con rapidez el siguiente paso de contacto,3,"Estimados,

Soy Manuel, de Reclu (reclu.cl).

Contacto a *Clínica Cenn* porque desde el celular cuesta identificar con rapidez el siguiente paso de contacto. Ayudamos a clínicas dentales a captar reservas y consultas de nuevos pacientes con sitios claros y profesionales.

En nuestra galería hay una propuesta que podría acomodarse a su línea, y varias más si desean comparar estilos:
https://reclu.cl/propuesta/dentista-b-azul-cian
Más opciones: https://reclu.cl/galeria/dental

Si les parece pertinente, respondan aquí o reserven 10 minutos en nuestra web:
https://reclu.cl/?agendar=1

Saludos cordiales,
Manuel
Reclu · reclu.cl",pendiente,,,,,,,,,,,https://maps.google.com/?cid=5123020903448565088&g_mp=Cidnb29nbGUubWFwcy5wbGFjZXMudjEuUGxhY2VzLlNlYXJjaFRleHQQAhgEIAA,maps
1,41,LEAD-2026-08-17-2936,Clínica Contempora,Clínica Contempora,dentista,Viña del Mar,56951891140,http://www.clinicacontempora.cl/,http,A,85,clinica-contempora,https://reclu.cl/propuesta/dentista-b-azul-cian,https://reclu.cl/galeria/dental,la web no prioriza de forma evidente la captación de consultas en el primer pantallazo,2,"Buenos días.

Me presento: Manuel, de Reclu. Diseñamos sitios web para empresas en Chile, con foco en claridad y conversión.

Revisando la presencia en Maps de *Clínica Contempora* (Viña del Mar), notamos que la web no prioriza de forma evidente la captación de consultas en el primer pantallazo.

Les comparto una referencia de diseño para clínicas dentales: no es un sitio publicado a su nombre, sino una propuesta de estilo que suele calzar bien en el rubro. Si no encaja, tenemos otros diseños disponibles:
https://reclu.cl/propuesta/dentista-b-azul-cian

Quedo atento por este medio, o pueden agendar directamente en:
https://reclu.cl/?agendar=1

Manuel
Reclu · reclu.cl",pendiente,,,,,,,,,,,https://maps.google.com/?cid=1643018576272486094&g_mp=Cidnb29nbGUubWFwcy5wbGFjZXMudjEuUGxhY2VzLlNlYXJjaFRleHQQAhgEIAA,maps
1,42,LEAD-2026-08-17-2958,Clínica Dental Armonía - Dentista Rancagua,Clínica Dental Armonía - Dentista Rancagua,dentista,Rancagua,56951579409,http://clinicadentalarmonia.cl/,http,A,85,clinica-dental-armonia-dentista-rancagua,https://reclu.cl/propuesta/dentista-b-azul-cian,https://reclu.cl/galeria/dental,"el sitio actual, en móvil, no deja del todo claro cómo contactarlos o avanzar",1,"Buenos días.

Soy Manuel, de Reclu (reclu.cl), estudio de diseño y desarrollo web en Santiago.

Escribo por *Clínica Dental Armonía - Dentista Rancagua* (Rancagua): el sitio actual, en móvil, no deja del todo claro cómo contactarlos o avanzar. En clínicas dentales, eso suele dificultar captar reservas y consultas de nuevos pacientes.

Tenemos una propuesta de diseño para este rubro que puede encajar con el estilo que buscan. También contamos con varias alternativas si prefieren otro enfoque visual:
https://reclu.cl/propuesta/dentista-b-azul-cian
Galería del rubro: https://reclu.cl/galeria/dental

Si les interesa explorarlo, pueden responder este mensaje o agendar una reunión breve aquí:
https://reclu.cl/?agendar=1

Si no es de su interés, indíquelo y no insistimos.

Manuel
Reclu · reclu.cl",pendiente,,,,,,,,,,,https://maps.google.com/?cid=13660770879720276834&g_mp=Cidnb29nbGUubWFwcy5wbGFjZXMudjEuUGxhY2VzLlNlYXJjaFRleHQQAhgEIAA,maps
1,43,LEAD-2026-08-17-2980,Clínica Dental Brelo - Concepción,Clínica Dental Brelo - Concepción,dentista,Concepción,56974525931,http://www.clinicabrelo.cl/,http,A,85,clinica-dental-brelo-concepcion,https://reclu.cl/propuesta/dentista-b-azul-cian,https://reclu.cl/galeria/dental,desde el celular cuesta identificar con rapidez el siguiente paso de contacto,1,"Buenos días.

Soy Manuel, de Reclu (reclu.cl), estudio de diseño y desarrollo web en Santiago.

Escribo por *Clínica Dental Brelo - Concepción* (Concepción): desde el celular cuesta identificar con rapidez el siguiente paso de contacto. En clínicas dentales, eso suele dificultar captar reservas y consultas de nuevos pacientes.

Tenemos una propuesta de diseño para este rubro que puede encajar con el estilo que buscan. También contamos con varias alternativas si prefieren otro enfoque visual:
https://reclu.cl/propuesta/dentista-b-azul-cian
Galería del rubro: https://reclu.cl/galeria/dental

Si les interesa explorarlo, pueden responder este mensaje o agendar una reunión breve aquí:
https://reclu.cl/?agendar=1

Si no es de su interés, indíquelo y no insistimos.

Manuel
Reclu · reclu.cl",pendiente,,,,,,,,,,,https://maps.google.com/?cid=5069298598842807110&g_mp=Cidnb29nbGUubWFwcy5wbGFjZXMudjEuUGxhY2VzLlNlYXJjaFRleHQQAhgEIAA,maps
1,44,LEAD-2026-08-17-1247,Clínica Dental CDENT - Dentista en Santiago,Clínica Dental CDENT - Dentista en Santiago,dentista,Santiago,56933039181,http://www.clinicacdent.cl/,http,A,85,clinica-dental-cdent-dentista-en-santiago,https://reclu.cl/propuesta/dentista-b-azul-cian,https://reclu.cl/galeria/dental,"el sitio actual, en móvil, no deja del todo claro cómo contactarlos o avanzar",1,"Buenos días.

Soy Manuel, de Reclu (reclu.cl), estudio de diseño y desarrollo web en Santiago.

Escribo por *Clínica Dental CDENT - Dentista en Santiago* (Santiago): el sitio actual, en móvil, no deja del todo claro cómo contactarlos o avanzar. En clínicas dentales, eso suele dificultar captar reservas y consultas de nuevos pacientes.

Tenemos una propuesta de diseño para este rubro que puede encajar con el estilo que buscan. También contamos con varias alternativas si prefieren otro enfoque visual:
https://reclu.cl/propuesta/dentista-b-azul-cian
Galería del rubro: https://reclu.cl/galeria/dental

Si les interesa explorarlo, pueden responder este mensaje o agendar una reunión breve aquí:
https://reclu.cl/?agendar=1

Si no es de su interés, indíquelo y no insistimos.

Manuel
Reclu · reclu.cl",pendiente,,,,,,,,,,,https://maps.google.com/?cid=15714916444055771669&g_mp=Cidnb29nbGUubWFwcy5wbGFjZXMudjEuUGxhY2VzLlNlYXJjaFRleHQQAhgEIAA,maps
1,45,LEAD-2026-08-17-1373,Clínica Dental Cevallos,Clínica Dental Cevallos,dentista,Puente Alto,56976208087,http://www.clinicadentalcevallos.cl/,http,A,85,clinica-dental-cevallos,https://reclu.cl/propuesta/dentista-b-azul-cian,https://reclu.cl/galeria/dental,la web no prioriza de forma evidente la captación de consultas en el primer pantallazo,3,"Estimados,

Soy Manuel, de Reclu (reclu.cl).

Contacto a *Clínica Dental Cevallos* porque la web no prioriza de forma evidente la captación de consultas en el primer pantallazo. Ayudamos a clínicas dentales a captar reservas y consultas de nuevos pacientes con sitios claros y profesionales.

En nuestra galería hay una propuesta que podría acomodarse a su línea, y varias más si desean comparar estilos:
https://reclu.cl/propuesta/dentista-b-azul-cian
Más opciones: https://reclu.cl/galeria/dental

Si les parece pertinente, respondan aquí o reserven 10 minutos en nuestra web:
https://reclu.cl/?agendar=1

Saludos cordiales,
Manuel
Reclu · reclu.cl",pendiente,,,,,,,,,,,https://maps.google.com/?cid=1746758821678347337&g_mp=Cidnb29nbGUubWFwcy5wbGFjZXMudjEuUGxhY2VzLlNlYXJjaFRleHQQAhgEIAA,maps
1,46,LEAD-2026-08-17-1258,Clínica Dental Divedent,Clínica Dental Divedent | Laboratorio Dental,dentista,Santiago,56931953931,http://www.divedent.cl/,http,A,85,clinica-dental-divedent-laboratorio-dental,https://reclu.cl/propuesta/dentista-b-azul-cian,https://reclu.cl/galeria/dental,"el sitio actual, en móvil, no deja del todo claro cómo contactarlos o avanzar",3,"Estimados,

Soy Manuel, de Reclu (reclu.cl).

Contacto a *Clínica Dental Divedent* porque el sitio actual, en móvil, no deja del todo claro cómo contactarlos o avanzar. Ayudamos a clínicas dentales a captar reservas y consultas de nuevos pacientes con sitios claros y profesionales.

En nuestra galería hay una propuesta que podría acomodarse a su línea, y varias más si desean comparar estilos:
https://reclu.cl/propuesta/dentista-b-azul-cian
Más opciones: https://reclu.cl/galeria/dental

Si les parece pertinente, respondan aquí o reserven 10 minutos en nuestra web:
https://reclu.cl/?agendar=1

Saludos cordiales,
Manuel
Reclu · reclu.cl",pendiente,,,,,,,,,,,https://maps.google.com/?cid=3726310063570497288&g_mp=Cidnb29nbGUubWFwcy5wbGFjZXMudjEuUGxhY2VzLlNlYXJjaFRleHQQAhgEIAA,maps
1,47,LEAD-2026-08-17-2932,Clínica Dental Gammadentis - Dentistas en Viña…,Clínica Dental Gammadentis - Dentistas en Viña del mar | Diseño de sonrisa | Limpieza Dental,dentista,Viña del Mar,56948946423,http://www.gammadentis.cl/,http,A,85,clinica-dental-gammadentis-dentistas-en-vina-del,https://reclu.cl/propuesta/dentista-b-azul-cian,https://reclu.cl/galeria/dental,"el sitio actual, en móvil, no deja del todo claro cómo contactarlos o avanzar",1,"Buenos días.

Soy Manuel, de Reclu (reclu.cl), estudio de diseño y desarrollo web en Santiago.

Escribo por *Clínica Dental Gammadentis - Dentistas en Viña…* (Viña del Mar): el sitio actual, en móvil, no deja del todo claro cómo contactarlos o avanzar. En clínicas dentales, eso suele dificultar captar reservas y consultas de nuevos pacientes.

Tenemos una propuesta de diseño para este rubro que puede encajar con el estilo que buscan. También contamos con varias alternativas si prefieren otro enfoque visual:
https://reclu.cl/propuesta/dentista-b-azul-cian
Galería del rubro: https://reclu.cl/galeria/dental

Si les interesa explorarlo, pueden responder este mensaje o agendar una reunión breve aquí:
https://reclu.cl/?agendar=1

Si no es de su interés, indíquelo y no insistimos.

Manuel
Reclu · reclu.cl",pendiente,,,,,,,,,,,https://maps.google.com/?cid=11482856566358902926&g_mp=Cidnb29nbGUubWFwcy5wbGFjZXMudjEuUGxhY2VzLlNlYXJjaFRleHQQAhgEIAA,maps
1,48,LEAD-2026-08-17-1403,Clínica Dental Hye,Clínica Dental Hye,dentista,Estación Central,56956234979,http://www.clinicadentalhye.cl/,http,A,85,clinica-dental-hye,https://reclu.cl/propuesta/dentista-b-azul-cian,https://reclu.cl/galeria/dental,desde el celular cuesta identificar con rapidez el siguiente paso de contacto,2,"Buenos días.

Me presento: Manuel, de Reclu. Diseñamos sitios web para empresas en Chile, con foco en claridad y conversión.

Revisando la presencia en Maps de *Clínica Dental Hye* (Estación Central), notamos que desde el celular cuesta identificar con rapidez el siguiente paso de contacto.

Les comparto una referencia de diseño para clínicas dentales: no es un sitio publicado a su nombre, sino una propuesta de estilo que suele calzar bien en el rubro. Si no encaja, tenemos otros diseños disponibles:
https://reclu.cl/propuesta/dentista-b-azul-cian

Quedo atento por este medio, o pueden agendar directamente en:
https://reclu.cl/?agendar=1

Manuel
Reclu · reclu.cl",pendiente,,,,,,,,,,,https://maps.google.com/?cid=8200254922768228441&g_mp=Cidnb29nbGUubWFwcy5wbGFjZXMudjEuUGxhY2VzLlNlYXJjaFRleHQQAhgEIAA,maps
1,49,LEAD-2026-08-17-2947,Clínica Dental OdontoPlus,Clínica Dental OdontoPlus,dentista,Viña del Mar,56968363309,http://www.odontoplus.cl/,http,A,85,clinica-dental-odontoplus,https://reclu.cl/propuesta/dentista-b-azul-cian,https://reclu.cl/galeria/dental,la web no prioriza de forma evidente la captación de consultas en el primer pantallazo,3,"Estimados,

Soy Manuel, de Reclu (reclu.cl).

Contacto a *Clínica Dental OdontoPlus* porque la web no prioriza de forma evidente la captación de consultas en el primer pantallazo. Ayudamos a clínicas dentales a captar reservas y consultas de nuevos pacientes con sitios claros y profesionales.

En nuestra galería hay una propuesta que podría acomodarse a su línea, y varias más si desean comparar estilos:
https://reclu.cl/propuesta/dentista-b-azul-cian
Más opciones: https://reclu.cl/galeria/dental

Si les parece pertinente, respondan aquí o reserven 10 minutos en nuestra web:
https://reclu.cl/?agendar=1

Saludos cordiales,
Manuel
Reclu · reclu.cl",pendiente,,,,,,,,,,,https://maps.google.com/?cid=7408873259029070853&g_mp=Cidnb29nbGUubWFwcy5wbGFjZXMudjEuUGxhY2VzLlNlYXJjaFRleHQQAhgEIAA,maps
1,50,LEAD-2026-08-17-2939,Clínica Dental Rapallo,Clínica Dental Rapallo,dentista,Viña del Mar,56956876432,http://clinicadentalrapallo.cl/,http,A,85,clinica-dental-rapallo,https://reclu.cl/propuesta/dentista-b-azul-cian,https://reclu.cl/galeria/dental,la web no prioriza de forma evidente la captación de consultas en el primer pantallazo,2,"Buenos días.

Me presento: Manuel, de Reclu. Diseñamos sitios web para empresas en Chile, con foco en claridad y conversión.

Revisando la presencia en Maps de *Clínica Dental Rapallo* (Viña del Mar), notamos que la web no prioriza de forma evidente la captación de consultas en el primer pantallazo.

Les comparto una referencia de diseño para clínicas dentales: no es un sitio publicado a su nombre, sino una propuesta de estilo que suele calzar bien en el rubro. Si no encaja, tenemos otros diseños disponibles:
https://reclu.cl/propuesta/dentista-b-azul-cian

Quedo atento por este medio, o pueden agendar directamente en:
https://reclu.cl/?agendar=1

Manuel
Reclu · reclu.cl",pendiente,,,,,,,,,,,https://maps.google.com/?cid=6414131553379237719&g_mp=Cidnb29nbGUubWFwcy5wbGFjZXMudjEuUGxhY2VzLlNlYXJjaFRleHQQAhgEIAA,maps
1,51,LEAD-2026-08-17-3110,Clínica Dental Santa Lucía,Clínica Dental Santa Lucía,dentista,Iquique,56973741761,http://www.clinicasantalucia.cl/?utm_source=google&utm_medium=wix_google_business_profile&utm_campaign=5272857024245714117,http,A,85,clinica-dental-santa-lucia,https://reclu.cl/propuesta/dentista-b-azul-cian,https://reclu.cl/galeria/dental,desde el celular cuesta identificar con rapidez el siguiente paso de contacto,1,"Buenos días.

Soy Manuel, de Reclu (reclu.cl), estudio de diseño y desarrollo web en Santiago.

Escribo por *Clínica Dental Santa Lucía* (Iquique): desde el celular cuesta identificar con rapidez el siguiente paso de contacto. En clínicas dentales, eso suele dificultar captar reservas y consultas de nuevos pacientes.

Tenemos una propuesta de diseño para este rubro que puede encajar con el estilo que buscan. También contamos con varias alternativas si prefieren otro enfoque visual:
https://reclu.cl/propuesta/dentista-b-azul-cian
Galería del rubro: https://reclu.cl/galeria/dental

Si les interesa explorarlo, pueden responder este mensaje o agendar una reunión breve aquí:
https://reclu.cl/?agendar=1

Si no es de su interés, indíquelo y no insistimos.

Manuel
Reclu · reclu.cl",pendiente,,,,,,,,,,,https://maps.google.com/?cid=7583999819165002062&g_mp=Cidnb29nbGUubWFwcy5wbGFjZXMudjEuUGxhY2VzLlNlYXJjaFRleHQQAhgEIAA,maps
1,52,LEAD-2026-08-17-2922,Clínica Dentalife,Clínica Dentalife,dentista,Viña del Mar,56949439012,http://www.clinicadentalife.cl/?utm_source=GMB&utm_medium=GMB&utm_campaign=vina+del+mar,http,A,85,clinica-dentalife,https://reclu.cl/propuesta/dentista-b-azul-cian,https://reclu.cl/galeria/dental,la web no prioriza de forma evidente la captación de consultas en el primer pantallazo,1,"Buenos días.

Soy Manuel, de Reclu (reclu.cl), estudio de diseño y desarrollo web en Santiago.

Escribo por *Clínica Dentalife* (Viña del Mar): la web no prioriza de forma evidente la captación de consultas en el primer pantallazo. En clínicas dentales, eso suele dificultar captar reservas y consultas de nuevos pacientes.

Tenemos una propuesta de diseño para este rubro que puede encajar con el estilo que buscan. También contamos con varias alternativas si prefieren otro enfoque visual:
https://reclu.cl/propuesta/dentista-b-azul-cian
Galería del rubro: https://reclu.cl/galeria/dental

Si les interesa explorarlo, pueden responder este mensaje o agendar una reunión breve aquí:
https://reclu.cl/?agendar=1

Si no es de su interés, indíquelo y no insistimos.

Manuel
Reclu · reclu.cl",pendiente,,,,,,,,,,,https://maps.google.com/?cid=9833864033640898166&g_mp=Cidnb29nbGUubWFwcy5wbGFjZXMudjEuUGxhY2VzLlNlYXJjaFRleHQQAhgEIAA,maps
1,53,LEAD-2026-08-17-2949,Clínica Dentalife,Clínica Dentalife,dentista,Valparaíso,56939490982,http://www.clinicadentalife.cl/?utm_source=GMB&utm_medium=GMB&utm_campaign=valparaIso,http,A,85,clinica-dentalife,https://reclu.cl/propuesta/dentista-b-azul-cian,https://reclu.cl/galeria/dental,la web no prioriza de forma evidente la captación de consultas en el primer pantallazo,1,"Buenos días.

Soy Manuel, de Reclu (reclu.cl), estudio de diseño y desarrollo web en Santiago.

Escribo por *Clínica Dentalife* (Valparaíso): la web no prioriza de forma evidente la captación de consultas en el primer pantallazo. En clínicas dentales, eso suele dificultar captar reservas y consultas de nuevos pacientes.

Tenemos una propuesta de diseño para este rubro que puede encajar con el estilo que buscan. También contamos con varias alternativas si prefieren otro enfoque visual:
https://reclu.cl/propuesta/dentista-b-azul-cian
Galería del rubro: https://reclu.cl/galeria/dental

Si les interesa explorarlo, pueden responder este mensaje o agendar una reunión breve aquí:
https://reclu.cl/?agendar=1

Si no es de su interés, indíquelo y no insistimos.

Manuel
Reclu · reclu.cl",pendiente,,,,,,,,,,,https://maps.google.com/?cid=2446603424843709807&g_mp=Cidnb29nbGUubWFwcy5wbGFjZXMudjEuUGxhY2VzLlNlYXJjaFRleHQQAhgEIAA,maps
1,54,LEAD-2026-08-17-1437,Clínica El Maitén,Clínica El Maitén | Ortodoncia Blanqueamiento Implantes Urgencia dental Odontopediatria Botox Limpieza dental protesis,dentista,Colina,56986284972,http://www.clinicadentalelmaiten.cl/,http,A,85,clinica-el-maiten-ortodoncia-blanqueamiento-impl,https://reclu.cl/propuesta/dentista-b-azul-cian,https://reclu.cl/galeria/dental,"el sitio actual, en móvil, no deja del todo claro cómo contactarlos o avanzar",3,"Estimados,

Soy Manuel, de Reclu (reclu.cl).

Contacto a *Clínica El Maitén* porque el sitio actual, en móvil, no deja del todo claro cómo contactarlos o avanzar. Ayudamos a clínicas dentales a captar reservas y consultas de nuevos pacientes con sitios claros y profesionales.

En nuestra galería hay una propuesta que podría acomodarse a su línea, y varias más si desean comparar estilos:
https://reclu.cl/propuesta/dentista-b-azul-cian
Más opciones: https://reclu.cl/galeria/dental

Si les parece pertinente, respondan aquí o reserven 10 minutos en nuestra web:
https://reclu.cl/?agendar=1

Saludos cordiales,
Manuel
Reclu · reclu.cl",pendiente,,,,,,,,,,,https://maps.google.com/?cid=9163093483816220842&g_mp=Cidnb29nbGUubWFwcy5wbGFjZXMudjEuUGxhY2VzLlNlYXJjaFRleHQQAhgEIAA,maps
1,55,LEAD-2026-08-17-3010,Clínica Quiero Frenillos Temuco,Clínica Quiero Frenillos Temuco,dentista,Temuco,56939443377,http://www.frenillostemuco.cl/,http,A,85,clinica-quiero-frenillos-temuco,https://reclu.cl/propuesta/dentista-b-azul-cian,https://reclu.cl/galeria/dental,"el sitio actual, en móvil, no deja del todo claro cómo contactarlos o avanzar",1,"Buenos días.

Soy Manuel, de Reclu (reclu.cl), estudio de diseño y desarrollo web en Santiago.

Escribo por *Clínica Quiero Frenillos Temuco* (Temuco): el sitio actual, en móvil, no deja del todo claro cómo contactarlos o avanzar. En clínicas dentales, eso suele dificultar captar reservas y consultas de nuevos pacientes.

Tenemos una propuesta de diseño para este rubro que puede encajar con el estilo que buscan. También contamos con varias alternativas si prefieren otro enfoque visual:
https://reclu.cl/propuesta/dentista-b-azul-cian
Galería del rubro: https://reclu.cl/galeria/dental

Si les interesa explorarlo, pueden responder este mensaje o agendar una reunión breve aquí:
https://reclu.cl/?agendar=1

Si no es de su interés, indíquelo y no insistimos.

Manuel
Reclu · reclu.cl",pendiente,,,,,,,,,,,https://maps.google.com/?cid=2683286227859579463&g_mp=Cidnb29nbGUubWFwcy5wbGFjZXMudjEuUGxhY2VzLlNlYXJjaFRleHQQAhgEIAA,maps
1,56,LEAD-2026-08-17-2955,"Clínica Risus, odontologia y estética facial","Clínica Risus, odontologia y estética facial",dentista,Valparaíso,56954421768,http://clinicasrisus.cl/,http,A,85,clinica-risus-odontologia-y-estetica-facial,https://reclu.cl/propuesta/dentista-b-azul-cian,https://reclu.cl/galeria/dental,"el sitio actual, en móvil, no deja del todo claro cómo contactarlos o avanzar",2,"Buenos días.

Me presento: Manuel, de Reclu. Diseñamos sitios web para empresas en Chile, con foco en claridad y conversión.

Revisando la presencia en Maps de *Clínica Risus, odontologia y estética facial* (Valparaíso), notamos que el sitio actual, en móvil, no deja del todo claro cómo contactarlos o avanzar.

Les comparto una referencia de diseño para clínicas dentales: no es un sitio publicado a su nombre, sino una propuesta de estilo que suele calzar bien en el rubro. Si no encaja, tenemos otros diseños disponibles:
https://reclu.cl/propuesta/dentista-b-azul-cian

Quedo atento por este medio, o pueden agendar directamente en:
https://reclu.cl/?agendar=1

Manuel
Reclu · reclu.cl",pendiente,,,,,,,,,,,https://maps.google.com/?cid=7903007509534977844&g_mp=Cidnb29nbGUubWFwcy5wbGFjZXMudjEuUGxhY2VzLlNlYXJjaFRleHQQAhgEIAA,maps
1,57,LEAD-2026-08-17-3009,Clínica dental BOK,Clínica dental BOK,dentista,Temuco,56999444644,http://www.clinicabok.cl/,http,A,85,clinica-dental-bok,https://reclu.cl/propuesta/dentista-b-azul-cian,https://reclu.cl/galeria/dental,la web no prioriza de forma evidente la captación de consultas en el primer pantallazo,1,"Buenos días.

Soy Manuel, de Reclu (reclu.cl), estudio de diseño y desarrollo web en Santiago.

Escribo por *Clínica dental BOK* (Temuco): la web no prioriza de forma evidente la captación de consultas en el primer pantallazo. En clínicas dentales, eso suele dificultar captar reservas y consultas de nuevos pacientes.

Tenemos una propuesta de diseño para este rubro que puede encajar con el estilo que buscan. También contamos con varias alternativas si prefieren otro enfoque visual:
https://reclu.cl/propuesta/dentista-b-azul-cian
Galería del rubro: https://reclu.cl/galeria/dental

Si les interesa explorarlo, pueden responder este mensaje o agendar una reunión breve aquí:
https://reclu.cl/?agendar=1

Si no es de su interés, indíquelo y no insistimos.

Manuel
Reclu · reclu.cl",pendiente,,,,,,,,,,,https://maps.google.com/?cid=838676523930035989&g_mp=Cidnb29nbGUubWFwcy5wbGFjZXMudjEuUGxhY2VzLlNlYXJjaFRleHQQAhgEIAA,maps
1,58,LEAD-2026-08-17-2928,Clínica dental Viña del mar: Dr. Javier González,Clínica dental Viña del mar: Dr. Javier González,dentista,Viña del Mar,56973781616,http://www.drjaviergonzalez.cl/,http,A,85,clinica-dental-vina-del-mar-dr-javier-gonzalez,https://reclu.cl/propuesta/dentista-b-azul-cian,https://reclu.cl/galeria/dental,desde el celular cuesta identificar con rapidez el siguiente paso de contacto,4,"Buenos días.

Soy Manuel · Reclu.

Respecto de *Clínica dental Viña del mar: Dr. Javier González* (Viña del Mar): desde el celular cuesta identificar con rapidez el siguiente paso de contacto.

Les dejo una propuesta de referencia para clínicas dentales (mismo tipo de negocio; pueden ver el estilo y decirnos si va en la dirección correcta). Si prefieren otra línea visual, tenemos más diseños en galería:
https://reclu.cl/propuesta/dentista-b-azul-cian

Para conversar: respondan este WhatsApp o agenden en https://reclu.cl/?agendar=1.

Quedo atento.
Manuel
Reclu · reclu.cl",pendiente,,,,,,,,,,,https://maps.google.com/?cid=6476969912816546137&g_mp=Cidnb29nbGUubWFwcy5wbGFjZXMudjEuUGxhY2VzLlNlYXJjaFRleHQQAhgEIAA,maps
1,59,LEAD-2026-08-17-1436,DENTARIA - Odontología Integral,DENTARIA - Odontología Integral,dentista,Colina,56942049208,http://www.dentaria.cl/,http,A,85,dentaria-odontologia-integral,https://reclu.cl/propuesta/dentista-b-azul-cian,https://reclu.cl/galeria/dental,la web no prioriza de forma evidente la captación de consultas en el primer pantallazo,2,"Buenos días.

Me presento: Manuel, de Reclu. Diseñamos sitios web para empresas en Chile, con foco en claridad y conversión.

Revisando la presencia en Maps de *DENTARIA - Odontología Integral* (Colina), notamos que la web no prioriza de forma evidente la captación de consultas en el primer pantallazo.

Les comparto una referencia de diseño para clínicas dentales: no es un sitio publicado a su nombre, sino una propuesta de estilo que suele calzar bien en el rubro. Si no encaja, tenemos otros diseños disponibles:
https://reclu.cl/propuesta/dentista-b-azul-cian

Quedo atento por este medio, o pueden agendar directamente en:
https://reclu.cl/?agendar=1

Manuel
Reclu · reclu.cl",pendiente,,,,,,,,,,,https://maps.google.com/?cid=4363973688770871018&g_mp=Cidnb29nbGUubWFwcy5wbGFjZXMudjEuUGxhY2VzLlNlYXJjaFRleHQQAhgEIAA,maps
1,60,LEAD-2026-08-17-1261,Dental Center,Dental Center,dentista,Santiago,56976670405,http://www.dentalcenter.cl/,http,A,85,dental-center,https://reclu.cl/propuesta/dentista-b-azul-cian,https://reclu.cl/galeria/dental,la web no prioriza de forma evidente la captación de consultas en el primer pantallazo,4,"Buenos días.

Soy Manuel · Reclu.

Respecto de *Dental Center* (Santiago): la web no prioriza de forma evidente la captación de consultas en el primer pantallazo.

Les dejo una propuesta de referencia para clínicas dentales (mismo tipo de negocio; pueden ver el estilo y decirnos si va en la dirección correcta). Si prefieren otra línea visual, tenemos más diseños en galería:
https://reclu.cl/propuesta/dentista-b-azul-cian

Para conversar: respondan este WhatsApp o agenden en https://reclu.cl/?agendar=1.

Quedo atento.
Manuel
Reclu · reclu.cl",pendiente,,,,,,,,,,,https://maps.google.com/?cid=1953997388799457950&g_mp=Cidnb29nbGUubWFwcy5wbGFjZXMudjEuUGxhY2VzLlNlYXJjaFRleHQQAhgEIAA,maps
1,61,LEAD-2026-08-17-1458,Dentimagen Sucursal San Bernardo,Dentimagen Sucursal San Bernardo,dentista,San Bernardo,56961596516,http://www.dentimagen.cl/,http,A,85,dentimagen-sucursal-san-bernardo,https://reclu.cl/propuesta/dentista-b-azul-cian,https://reclu.cl/galeria/dental,desde el celular cuesta identificar con rapidez el siguiente paso de contacto,4,"Buenos días.

Soy Manuel · Reclu.

Respecto de *Dentimagen Sucursal San Bernardo* (San Bernardo): desde el celular cuesta identificar con rapidez el siguiente paso de contacto.

Les dejo una propuesta de referencia para clínicas dentales (mismo tipo de negocio; pueden ver el estilo y decirnos si va en la dirección correcta). Si prefieren otra línea visual, tenemos más diseños en galería:
https://reclu.cl/propuesta/dentista-b-azul-cian

Para conversar: respondan este WhatsApp o agenden en https://reclu.cl/?agendar=1.

Quedo atento.
Manuel
Reclu · reclu.cl",pendiente,,,,,,,,,,,https://maps.google.com/?cid=5384494698173943187&g_mp=Cidnb29nbGUubWFwcy5wbGFjZXMudjEuUGxhY2VzLlNlYXJjaFRleHQQAhgEIAA,maps
1,62,LEAD-2026-08-17-1257,Lux Dental - Clínica Dental y Estética,Lux Dental - Clínica Dental y Estética,dentista,Santiago,56947881666,http://www.luxdental.cl/,http,A,85,lux-dental-clinica-dental-y-estetica,https://reclu.cl/propuesta/dentista-b-azul-cian,https://reclu.cl/galeria/dental,"el sitio actual, en móvil, no deja del todo claro cómo contactarlos o avanzar",3,"Estimados,

Soy Manuel, de Reclu (reclu.cl).

Contacto a *Lux Dental - Clínica Dental y Estética* porque el sitio actual, en móvil, no deja del todo claro cómo contactarlos o avanzar. Ayudamos a clínicas dentales a captar reservas y consultas de nuevos pacientes con sitios claros y profesionales.

En nuestra galería hay una propuesta que podría acomodarse a su línea, y varias más si desean comparar estilos:
https://reclu.cl/propuesta/dentista-b-azul-cian
Más opciones: https://reclu.cl/galeria/dental

Si les parece pertinente, respondan aquí o reserven 10 minutos en nuestra web:
https://reclu.cl/?agendar=1

Saludos cordiales,
Manuel
Reclu · reclu.cl",pendiente,,,,,,,,,,,https://maps.google.com/?cid=15888044418749646191&g_mp=Cidnb29nbGUubWFwcy5wbGFjZXMudjEuUGxhY2VzLlNlYXJjaFRleHQQAhgEIAA,maps
1,63,LEAD-2026-08-17-1305,MCR Odontología,MCR Odontología,dentista,San Miguel,56934950619,http://www.mcrodontologia.cl/,http,A,85,mcr-odontologia,https://reclu.cl/propuesta/dentista-b-azul-cian,https://reclu.cl/galeria/dental,"el sitio actual, en móvil, no deja del todo claro cómo contactarlos o avanzar",2,"Buenos días.

Me presento: Manuel, de Reclu. Diseñamos sitios web para empresas en Chile, con foco en claridad y conversión.

Revisando la presencia en Maps de *MCR Odontología* (San Miguel), notamos que el sitio actual, en móvil, no deja del todo claro cómo contactarlos o avanzar.

Les comparto una referencia de diseño para clínicas dentales: no es un sitio publicado a su nombre, sino una propuesta de estilo que suele calzar bien en el rubro. Si no encaja, tenemos otros diseños disponibles:
https://reclu.cl/propuesta/dentista-b-azul-cian

Quedo atento por este medio, o pueden agendar directamente en:
https://reclu.cl/?agendar=1

Manuel
Reclu · reclu.cl",pendiente,,,,,,,,,,,https://maps.google.com/?cid=948983253426990731&g_mp=Cidnb29nbGUubWFwcy5wbGFjZXMudjEuUGxhY2VzLlNlYXJjaFRleHQQAhgEIAA,maps
1,64,LEAD-2026-08-17-1440,Ortodoncia vida Salud,Ortodoncia vida Salud,dentista,Colina,56995891954,http://www.ortodonciaspeed.com/,http,A,85,ortodoncia-vida-salud,https://reclu.cl/propuesta/dentista-b-azul-cian,https://reclu.cl/galeria/dental,la web no prioriza de forma evidente la captación de consultas en el primer pantallazo,3,"Estimados,

Soy Manuel, de Reclu (reclu.cl).

Contacto a *Ortodoncia vida Salud* porque la web no prioriza de forma evidente la captación de consultas en el primer pantallazo. Ayudamos a clínicas dentales a captar reservas y consultas de nuevos pacientes con sitios claros y profesionales.

En nuestra galería hay una propuesta que podría acomodarse a su línea, y varias más si desean comparar estilos:
https://reclu.cl/propuesta/dentista-b-azul-cian
Más opciones: https://reclu.cl/galeria/dental

Si les parece pertinente, respondan aquí o reserven 10 minutos en nuestra web:
https://reclu.cl/?agendar=1

Saludos cordiales,
Manuel
Reclu · reclu.cl",pendiente,,,,,,,,,,,https://maps.google.com/?cid=928547547748684253&g_mp=Cidnb29nbGUubWFwcy5wbGFjZXMudjEuUGxhY2VzLlNlYXJjaFRleHQQAhgEIAA,maps
1,65,LEAD-2026-08-17-1368,SQ Dental,SQ Dental,dentista,Maipú,56951104747,http://www.sqdental.cl/?utm_source=google&utm_medium=wix_google_business_profile&utm_campaign=16357551727543346460,http,A,85,sq-dental,https://reclu.cl/propuesta/dentista-b-azul-cian,https://reclu.cl/galeria/dental,la web no prioriza de forma evidente la captación de consultas en el primer pantallazo,2,"Buenos días.

Me presento: Manuel, de Reclu. Diseñamos sitios web para empresas en Chile, con foco en claridad y conversión.

Revisando la presencia en Maps de *SQ Dental* (Maipú), notamos que la web no prioriza de forma evidente la captación de consultas en el primer pantallazo.

Les comparto una referencia de diseño para clínicas dentales: no es un sitio publicado a su nombre, sino una propuesta de estilo que suele calzar bien en el rubro. Si no encaja, tenemos otros diseños disponibles:
https://reclu.cl/propuesta/dentista-b-azul-cian

Quedo atento por este medio, o pueden agendar directamente en:
https://reclu.cl/?agendar=1

Manuel
Reclu · reclu.cl",pendiente,,,,,,,,,,,https://maps.google.com/?cid=17662366339877401592&g_mp=Cidnb29nbGUubWFwcy5wbGFjZXMudjEuUGxhY2VzLlNlYXJjaFRleHQQAhgEIAA,maps
1,66,LEAD-2026-08-17-2934,Smart Odontología - Ortodoncia,Smart Odontología - Ortodoncia,dentista,Viña del Mar,56959122634,http://www.smartodontologia.cl/,http,A,85,smart-odontologia-ortodoncia,https://reclu.cl/propuesta/dentista-b-azul-cian,https://reclu.cl/galeria/dental,la web no prioriza de forma evidente la captación de consultas en el primer pantallazo,1,"Buenos días.

Soy Manuel, de Reclu (reclu.cl), estudio de diseño y desarrollo web en Santiago.

Escribo por *Smart Odontología - Ortodoncia* (Viña del Mar): la web no prioriza de forma evidente la captación de consultas en el primer pantallazo. En clínicas dentales, eso suele dificultar captar reservas y consultas de nuevos pacientes.

Tenemos una propuesta de diseño para este rubro que puede encajar con el estilo que buscan. También contamos con varias alternativas si prefieren otro enfoque visual:
https://reclu.cl/propuesta/dentista-b-azul-cian
Galería del rubro: https://reclu.cl/galeria/dental

Si les interesa explorarlo, pueden responder este mensaje o agendar una reunión breve aquí:
https://reclu.cl/?agendar=1

Si no es de su interés, indíquelo y no insistimos.

Manuel
Reclu · reclu.cl",pendiente,,,,,,,,,,,https://maps.google.com/?cid=4503941564884686056&g_mp=Cidnb29nbGUubWFwcy5wbGFjZXMudjEuUGxhY2VzLlNlYXJjaFRleHQQAhgEIAA,maps
1,67,LEAD-2026-08-17-1244,Universo Dentistas - Clínica Dental y Urgencia…,Universo Dentistas - Clínica Dental y Urgencias Santiago Centro,dentista,Santiago,56975494806,http://www.universodentistas.cl/,http,A,85,universo-dentistas-clinica-dental-y-urgencias-sa,https://reclu.cl/propuesta/dentista-b-azul-cian,https://reclu.cl/galeria/dental,"el sitio actual, en móvil, no deja del todo claro cómo contactarlos o avanzar",4,"Buenos días.

Soy Manuel · Reclu.

Respecto de *Universo Dentistas - Clínica Dental y Urgencia…* (Santiago): el sitio actual, en móvil, no deja del todo claro cómo contactarlos o avanzar.

Les dejo una propuesta de referencia para clínicas dentales (mismo tipo de negocio; pueden ver el estilo y decirnos si va en la dirección correcta). Si prefieren otra línea visual, tenemos más diseños en galería:
https://reclu.cl/propuesta/dentista-b-azul-cian

Para conversar: respondan este WhatsApp o agenden en https://reclu.cl/?agendar=1.

Quedo atento.
Manuel
Reclu · reclu.cl",pendiente,,,,,,,,,,,https://maps.google.com/?cid=10484120832971284525&g_mp=Cidnb29nbGUubWFwcy5wbGFjZXMudjEuUGxhY2VzLlNlYXJjaFRleHQQAhgEIAA,maps
1,68,LEAD-2026-08-17-1352,Urgencia Dental Maipú 🇨🇱,Urgencia Dental Maipú 🇨🇱,dentista,Maipú,56990663330,http://urgenciadentalmaipu.cl/,http,A,85,urgencia-dental-maipu,https://reclu.cl/propuesta/dentista-b-azul-cian,https://reclu.cl/galeria/dental,desde el celular cuesta identificar con rapidez el siguiente paso de contacto,3,"Estimados,

Soy Manuel, de Reclu (reclu.cl).

Contacto a *Urgencia Dental Maipú 🇨🇱* porque desde el celular cuesta identificar con rapidez el siguiente paso de contacto. Ayudamos a clínicas dentales a captar reservas y consultas de nuevos pacientes con sitios claros y profesionales.

En nuestra galería hay una propuesta que podría acomodarse a su línea, y varias más si desean comparar estilos:
https://reclu.cl/propuesta/dentista-b-azul-cian
Más opciones: https://reclu.cl/galeria/dental

Si les parece pertinente, respondan aquí o reserven 10 minutos en nuestra web:
https://reclu.cl/?agendar=1

Saludos cordiales,
Manuel
Reclu · reclu.cl",pendiente,,,,,,,,,,,https://maps.google.com/?cid=13709053898921498769&g_mp=Cidnb29nbGUubWFwcy5wbGFjZXMudjEuUGxhY2VzLlNlYXJjaFRleHQQAhgEIAA,maps
1,69,LEAD-2026-08-25-3277,Clínica Odontológica Martín de Zamora,Clínica Odontológica Martín de Zamora,dentista,Las Condes,56981494618,http://martindezamora.cl/,http,A,84,clinica-odontologica-martin-de-zamora,https://reclu.cl/propuesta/dentista-b-azul-cian,https://reclu.cl/galeria/dental,la web no prioriza de forma evidente la captación de consultas en el primer pantallazo,2,"Buenos días.

Me presento: Manuel, de Reclu. Diseñamos sitios web para empresas en Chile, con foco en claridad y conversión.

Revisando la presencia en Maps de *Clínica Odontológica Martín de Zamora* (Las Condes), notamos que la web no prioriza de forma evidente la captación de consultas en el primer pantallazo.

Les comparto una referencia de diseño para clínicas dentales: no es un sitio publicado a su nombre, sino una propuesta de estilo que suele calzar bien en el rubro. Si no encaja, tenemos otros diseños disponibles:
https://reclu.cl/propuesta/dentista-b-azul-cian

Quedo atento por este medio, o pueden agendar directamente en:
https://reclu.cl/?agendar=1

Manuel
Reclu · reclu.cl",pendiente,,,,,,,,,,,https://maps.google.com/?cid=13199586971022823470&g_mp=Cidnb29nbGUubWFwcy5wbGFjZXMudjEuUGxhY2VzLlNlYXJjaFRleHQQAhgEIAA,maps
1,70,LEAD-2026-08-17-3001,Centro Dental Aleman,Centro Dental Aleman,dentista,Temuco,56978680939,http://www.centrodentalaleman.cl/,http,A,83,centro-dental-aleman,https://reclu.cl/propuesta/dentista-b-azul-cian,https://reclu.cl/galeria/dental,la web no prioriza de forma evidente la captación de consultas en el primer pantallazo,3,"Estimados,

Soy Manuel, de Reclu (reclu.cl).

Contacto a *Centro Dental Aleman* porque la web no prioriza de forma evidente la captación de consultas en el primer pantallazo. Ayudamos a clínicas dentales a captar reservas y consultas de nuevos pacientes con sitios claros y profesionales.

En nuestra galería hay una propuesta que podría acomodarse a su línea, y varias más si desean comparar estilos:
https://reclu.cl/propuesta/dentista-b-azul-cian
Más opciones: https://reclu.cl/galeria/dental

Si les parece pertinente, respondan aquí o reserven 10 minutos en nuestra web:
https://reclu.cl/?agendar=1

Saludos cordiales,
Manuel
Reclu · reclu.cl",pendiente,,,,,,,,,,,https://maps.google.com/?cid=7456596491923100675&g_mp=Cidnb29nbGUubWFwcy5wbGFjZXMudjEuUGxhY2VzLlNlYXJjaFRleHQQAhgEIAA,maps
1,71,LEAD-2026-08-17-3118,Clinica Dental Coe Aires,Clinica Dental Coe Aires,dentista,Iquique,56982178710,http://www.coeaires.cl/,http,A,83,clinica-dental-coe-aires,https://reclu.cl/propuesta/dentista-b-azul-cian,https://reclu.cl/galeria/dental,"el sitio actual, en móvil, no deja del todo claro cómo contactarlos o avanzar",3,"Estimados,

Soy Manuel, de Reclu (reclu.cl).

Contacto a *Clinica Dental Coe Aires* porque el sitio actual, en móvil, no deja del todo claro cómo contactarlos o avanzar. Ayudamos a clínicas dentales a captar reservas y consultas de nuevos pacientes con sitios claros y profesionales.

En nuestra galería hay una propuesta que podría acomodarse a su línea, y varias más si desean comparar estilos:
https://reclu.cl/propuesta/dentista-b-azul-cian
Más opciones: https://reclu.cl/galeria/dental

Si les parece pertinente, respondan aquí o reserven 10 minutos en nuestra web:
https://reclu.cl/?agendar=1

Saludos cordiales,
Manuel
Reclu · reclu.cl",pendiente,,,,,,,,,,,https://maps.google.com/?cid=5848532723244928879&g_mp=Cidnb29nbGUubWFwcy5wbGFjZXMudjEuUGxhY2VzLlNlYXJjaFRleHQQAhgEIAA,maps
1,72,LEAD-2026-08-17-3011,Clinica Dental Family Dens,Clinica Dental Family Dens,dentista,Temuco,56967121823,http://www.familydens.cl/,http,A,83,clinica-dental-family-dens,https://reclu.cl/propuesta/dentista-b-azul-cian,https://reclu.cl/galeria/dental,desde el celular cuesta identificar con rapidez el siguiente paso de contacto,3,"Estimados,

Soy Manuel, de Reclu (reclu.cl).

Contacto a *Clinica Dental Family Dens* porque desde el celular cuesta identificar con rapidez el siguiente paso de contacto. Ayudamos a clínicas dentales a captar reservas y consultas de nuevos pacientes con sitios claros y profesionales.

En nuestra galería hay una propuesta que podría acomodarse a su línea, y varias más si desean comparar estilos:
https://reclu.cl/propuesta/dentista-b-azul-cian
Más opciones: https://reclu.cl/galeria/dental

Si les parece pertinente, respondan aquí o reserven 10 minutos en nuestra web:
https://reclu.cl/?agendar=1

Saludos cordiales,
Manuel
Reclu · reclu.cl",pendiente,,,,,,,,,,,https://maps.google.com/?cid=2901615402960620120&g_mp=Cidnb29nbGUubWFwcy5wbGFjZXMudjEuUGxhY2VzLlNlYXJjaFRleHQQAhgEIAA,maps
1,73,LEAD-2026-08-17-3046,Clinica Dental Pedro de Valdivia,Clinica Dental Pedro de Valdivia,dentista,Antofagasta,56958620835,http://www.dentalpedrodevaldivia.cl/,http,A,83,clinica-dental-pedro-de-valdivia,https://reclu.cl/propuesta/dentista-b-azul-cian,https://reclu.cl/galeria/dental,"el sitio actual, en móvil, no deja del todo claro cómo contactarlos o avanzar",2,"Buenos días.

Me presento: Manuel, de Reclu. Diseñamos sitios web para empresas en Chile, con foco en claridad y conversión.

Revisando la presencia en Maps de *Clinica Dental Pedro de Valdivia* (Antofagasta), notamos que el sitio actual, en móvil, no deja del todo claro cómo contactarlos o avanzar.

Les comparto una referencia de diseño para clínicas dentales: no es un sitio publicado a su nombre, sino una propuesta de estilo que suele calzar bien en el rubro. Si no encaja, tenemos otros diseños disponibles:
https://reclu.cl/propuesta/dentista-b-azul-cian

Quedo atento por este medio, o pueden agendar directamente en:
https://reclu.cl/?agendar=1

Manuel
Reclu · reclu.cl",pendiente,,,,,,,,,,,https://maps.google.com/?cid=12814338773161037602&g_mp=Cidnb29nbGUubWFwcy5wbGFjZXMudjEuUGxhY2VzLlNlYXJjaFRleHQQAhgEIAA,maps
1,74,LEAD-2026-08-17-1252,Clinica Dental Santiago,Clinica Dental Santiago | Dental Premium |,dentista,Santiago,56920505996,http://premiumdental.cl/,http,A,83,clinica-dental-santiago-dental-premium,https://reclu.cl/propuesta/dentista-b-azul-cian,https://reclu.cl/galeria/dental,desde el celular cuesta identificar con rapidez el siguiente paso de contacto,1,"Buenos días.

Soy Manuel, de Reclu (reclu.cl), estudio de diseño y desarrollo web en Santiago.

Escribo por *Clinica Dental Santiago* (Santiago): desde el celular cuesta identificar con rapidez el siguiente paso de contacto. En clínicas dentales, eso suele dificultar captar reservas y consultas de nuevos pacientes.

Tenemos una propuesta de diseño para este rubro que puede encajar con el estilo que buscan. También contamos con varias alternativas si prefieren otro enfoque visual:
https://reclu.cl/propuesta/dentista-b-azul-cian
Galería del rubro: https://reclu.cl/galeria/dental

Si les interesa explorarlo, pueden responder este mensaje o agendar una reunión breve aquí:
https://reclu.cl/?agendar=1

Si no es de su interés, indíquelo y no insistimos.

Manuel
Reclu · reclu.cl",pendiente,,,,,,,,,,,https://maps.google.com/?cid=13953582832449647240&g_mp=Cidnb29nbGUubWFwcy5wbGFjZXMudjEuUGxhY2VzLlNlYXJjaFRleHQQAhgEIAA,maps
1,75,LEAD-2026-08-17-1455,Clínica Chicureo,Clínica Chicureo,dentista,Colina,56987789823,http://www.clinicachicureo.com/,http,A,83,clinica-chicureo,https://reclu.cl/propuesta/dentista-b-azul-cian,https://reclu.cl/galeria/dental,"el sitio actual, en móvil, no deja del todo claro cómo contactarlos o avanzar",1,"Buenos días.

Soy Manuel, de Reclu (reclu.cl), estudio de diseño y desarrollo web en Santiago.

Escribo por *Clínica Chicureo* (Colina): el sitio actual, en móvil, no deja del todo claro cómo contactarlos o avanzar. En clínicas dentales, eso suele dificultar captar reservas y consultas de nuevos pacientes.

Tenemos una propuesta de diseño para este rubro que puede encajar con el estilo que buscan. También contamos con varias alternativas si prefieren otro enfoque visual:
https://reclu.cl/propuesta/dentista-b-azul-cian
Galería del rubro: https://reclu.cl/galeria/dental

Si les interesa explorarlo, pueden responder este mensaje o agendar una reunión breve aquí:
https://reclu.cl/?agendar=1

Si no es de su interés, indíquelo y no insistimos.

Manuel
Reclu · reclu.cl",pendiente,,,,,,,,,,,https://maps.google.com/?cid=13576424453969359641&g_mp=Cidnb29nbGUubWFwcy5wbGFjZXMudjEuUGxhY2VzLlNlYXJjaFRleHQQAhgEIAA,maps
1,76,LEAD-2026-08-17-2977,Clínica Dental Kronos Implantes Dentales Ranca…,Clínica Dental Kronos Implantes Dentales Rancagua KRONOS,dentista,Rancagua,56981364359,http://www.clinicadentalkronos.cl/,http,A,83,clinica-dental-kronos-implantes-dentales-rancagu,https://reclu.cl/propuesta/dentista-b-azul-cian,https://reclu.cl/galeria/dental,desde el celular cuesta identificar con rapidez el siguiente paso de contacto,4,"Buenos días.

Soy Manuel · Reclu.

Respecto de *Clínica Dental Kronos Implantes Dentales Ranca…* (Rancagua): desde el celular cuesta identificar con rapidez el siguiente paso de contacto.

Les dejo una propuesta de referencia para clínicas dentales (mismo tipo de negocio; pueden ver el estilo y decirnos si va en la dirección correcta). Si prefieren otra línea visual, tenemos más diseños en galería:
https://reclu.cl/propuesta/dentista-b-azul-cian

Para conversar: respondan este WhatsApp o agenden en https://reclu.cl/?agendar=1.

Quedo atento.
Manuel
Reclu · reclu.cl",pendiente,,,,,,,,,,,https://maps.google.com/?cid=11313457274951310606&g_mp=Cidnb29nbGUubWFwcy5wbGFjZXMudjEuUGxhY2VzLlNlYXJjaFRleHQQAhgEIAA,maps
1,77,LEAD-2026-08-17-3071,Clínica Dental Paz,Clínica Dental Paz,dentista,Talca,56934282678,http://www.clinicapaz.cl/,http,A,83,clinica-dental-paz,https://reclu.cl/propuesta/dentista-b-azul-cian,https://reclu.cl/galeria/dental,"el sitio actual, en móvil, no deja del todo claro cómo contactarlos o avanzar",1,"Buenos días.

Soy Manuel, de Reclu (reclu.cl), estudio de diseño y desarrollo web en Santiago.

Escribo por *Clínica Dental Paz* (Talca): el sitio actual, en móvil, no deja del todo claro cómo contactarlos o avanzar. En clínicas dentales, eso suele dificultar captar reservas y consultas de nuevos pacientes.

Tenemos una propuesta de diseño para este rubro que puede encajar con el estilo que buscan. También contamos con varias alternativas si prefieren otro enfoque visual:
https://reclu.cl/propuesta/dentista-b-azul-cian
Galería del rubro: https://reclu.cl/galeria/dental

Si les interesa explorarlo, pueden responder este mensaje o agendar una reunión breve aquí:
https://reclu.cl/?agendar=1

Si no es de su interés, indíquelo y no insistimos.

Manuel
Reclu · reclu.cl",pendiente,,,,,,,,,,,https://maps.google.com/?cid=5029586159452855728&g_mp=Cidnb29nbGUubWFwcy5wbGFjZXMudjEuUGxhY2VzLlNlYXJjaFRleHQQAhgEIAA,maps
1,78,LEAD-2026-08-17-1282,Clínica Gutiérrez,Clínica Gutiérrez,dentista,Huechuraba,56983750762,http://www.clinicagutierrez.cl/,http,A,83,clinica-gutierrez,https://reclu.cl/propuesta/dentista-b-azul-cian,https://reclu.cl/galeria/dental,la web no prioriza de forma evidente la captación de consultas en el primer pantallazo,3,"Estimados,

Soy Manuel, de Reclu (reclu.cl).

Contacto a *Clínica Gutiérrez* porque la web no prioriza de forma evidente la captación de consultas en el primer pantallazo. Ayudamos a clínicas dentales a captar reservas y consultas de nuevos pacientes con sitios claros y profesionales.

En nuestra galería hay una propuesta que podría acomodarse a su línea, y varias más si desean comparar estilos:
https://reclu.cl/propuesta/dentista-b-azul-cian
Más opciones: https://reclu.cl/galeria/dental

Si les parece pertinente, respondan aquí o reserven 10 minutos en nuestra web:
https://reclu.cl/?agendar=1

Saludos cordiales,
Manuel
Reclu · reclu.cl",pendiente,,,,,,,,,,,https://maps.google.com/?cid=6963727779698522338&g_mp=Cidnb29nbGUubWFwcy5wbGFjZXMudjEuUGxhY2VzLlNlYXJjaFRleHQQAhgEIAA,maps
1,79,LEAD-2026-08-17-3127,Clínica Los Robles,Clínica Los Robles,dentista,Buin,56949161037,http://www.clinicalosrobles.cl/,http,A,83,clinica-los-robles,https://reclu.cl/propuesta/dentista-b-azul-cian,https://reclu.cl/galeria/dental,"el sitio actual, en móvil, no deja del todo claro cómo contactarlos o avanzar",4,"Buenos días.

Soy Manuel · Reclu.

Respecto de *Clínica Los Robles* (Buin): el sitio actual, en móvil, no deja del todo claro cómo contactarlos o avanzar.

Les dejo una propuesta de referencia para clínicas dentales (mismo tipo de negocio; pueden ver el estilo y decirnos si va en la dirección correcta). Si prefieren otra línea visual, tenemos más diseños en galería:
https://reclu.cl/propuesta/dentista-b-azul-cian

Para conversar: respondan este WhatsApp o agenden en https://reclu.cl/?agendar=1.

Quedo atento.
Manuel
Reclu · reclu.cl",pendiente,,,,,,,,,,,https://maps.google.com/?cid=4356840920497678303&g_mp=Cidnb29nbGUubWFwcy5wbGFjZXMudjEuUGxhY2VzLlNlYXJjaFRleHQQAhgEIAA,maps
1,80,LEAD-2026-08-17-2948,Clínica Misura Dr. Ignacio Arancibia Aburto,Clínica Misura Dr. Ignacio Arancibia Aburto,dentista,Viña del Mar,56950743387,http://www.dentistavinadelmar.cl/,http,A,83,clinica-misura-dr-ignacio-arancibia-aburto,https://reclu.cl/propuesta/dentista-b-azul-cian,https://reclu.cl/galeria/dental,"el sitio actual, en móvil, no deja del todo claro cómo contactarlos o avanzar",2,"Buenos días.

Me presento: Manuel, de Reclu. Diseñamos sitios web para empresas en Chile, con foco en claridad y conversión.

Revisando la presencia en Maps de *Clínica Misura Dr. Ignacio Arancibia Aburto* (Viña del Mar), notamos que el sitio actual, en móvil, no deja del todo claro cómo contactarlos o avanzar.

Les comparto una referencia de diseño para clínicas dentales: no es un sitio publicado a su nombre, sino una propuesta de estilo que suele calzar bien en el rubro. Si no encaja, tenemos otros diseños disponibles:
https://reclu.cl/propuesta/dentista-b-azul-cian

Quedo atento por este medio, o pueden agendar directamente en:
https://reclu.cl/?agendar=1

Manuel
Reclu · reclu.cl",pendiente,,,,,,,,,,,https://maps.google.com/?cid=1504560327475983663&g_mp=Cidnb29nbGUubWFwcy5wbGFjZXMudjEuUGxhY2VzLlNlYXJjaFRleHQQAhgEIAA,maps
1,81,LEAD-2026-08-17-3105,Clínica Ríomonte,Clínica Ríomonte,dentista,Puerto Montt,56978823519,http://clinicariomonte.cl/,http,A,83,clinica-riomonte,https://reclu.cl/propuesta/dentista-b-azul-cian,https://reclu.cl/galeria/dental,"el sitio actual, en móvil, no deja del todo claro cómo contactarlos o avanzar",4,"Buenos días.

Soy Manuel · Reclu.

Respecto de *Clínica Ríomonte* (Puerto Montt): el sitio actual, en móvil, no deja del todo claro cómo contactarlos o avanzar.

Les dejo una propuesta de referencia para clínicas dentales (mismo tipo de negocio; pueden ver el estilo y decirnos si va en la dirección correcta). Si prefieren otra línea visual, tenemos más diseños en galería:
https://reclu.cl/propuesta/dentista-b-azul-cian

Para conversar: respondan este WhatsApp o agenden en https://reclu.cl/?agendar=1.

Quedo atento.
Manuel
Reclu · reclu.cl",pendiente,,,,,,,,,,,https://maps.google.com/?cid=1329715756909254208&g_mp=Cidnb29nbGUubWFwcy5wbGFjZXMudjEuUGxhY2VzLlNlYXJjaFRleHQQAhgEIAA,maps
1,82,LEAD-2026-08-17-1272,Clínica Torrealba,Clínica Torrealba | Clínica de Ortodoncia y Estética Facial | Huechuraba y La dehesa | Armonización Orofacial,dentista,Huechuraba,56940987902,http://www.clinicatorrealba.cl/,http,A,83,clinica-torrealba-clinica-de-ortodoncia-y-esteti,https://reclu.cl/propuesta/dentista-b-azul-cian,https://reclu.cl/galeria/dental,desde el celular cuesta identificar con rapidez el siguiente paso de contacto,4,"Buenos días.

Soy Manuel · Reclu.

Respecto de *Clínica Torrealba* (Huechuraba): desde el celular cuesta identificar con rapidez el siguiente paso de contacto.

Les dejo una propuesta de referencia para clínicas dentales (mismo tipo de negocio; pueden ver el estilo y decirnos si va en la dirección correcta). Si prefieren otra línea visual, tenemos más diseños en galería:
https://reclu.cl/propuesta/dentista-b-azul-cian

Para conversar: respondan este WhatsApp o agenden en https://reclu.cl/?agendar=1.

Quedo atento.
Manuel
Reclu · reclu.cl",pendiente,,,,,,,,,,,https://maps.google.com/?cid=13032932775799044282&g_mp=Cidnb29nbGUubWFwcy5wbGFjZXMudjEuUGxhY2VzLlNlYXJjaFRleHQQAhgEIAA,maps
1,83,LEAD-2026-08-17-3129,Clínica Vitalia,Clínica Vitalia,dentista,Buin,56942496138,http://www.clinicavitalia.cl/,http,A,83,clinica-vitalia,https://reclu.cl/propuesta/dentista-b-azul-cian,https://reclu.cl/galeria/dental,"el sitio actual, en móvil, no deja del todo claro cómo contactarlos o avanzar",2,"Buenos días.

Me presento: Manuel, de Reclu. Diseñamos sitios web para empresas en Chile, con foco en claridad y conversión.

Revisando la presencia en Maps de *Clínica Vitalia* (Buin), notamos que el sitio actual, en móvil, no deja del todo claro cómo contactarlos o avanzar.

Les comparto una referencia de diseño para clínicas dentales: no es un sitio publicado a su nombre, sino una propuesta de estilo que suele calzar bien en el rubro. Si no encaja, tenemos otros diseños disponibles:
https://reclu.cl/propuesta/dentista-b-azul-cian

Quedo atento por este medio, o pueden agendar directamente en:
https://reclu.cl/?agendar=1

Manuel
Reclu · reclu.cl",pendiente,,,,,,,,,,,https://maps.google.com/?cid=17453705931332828009&g_mp=Cidnb29nbGUubWFwcy5wbGFjZXMudjEuUGxhY2VzLlNlYXJjaFRleHQQAhgEIAA,maps
1,84,LEAD-2026-08-17-2998,Münzenmayer Odontología,Münzenmayer Odontología,dentista,Concepción,56947145864,http://www.munzenmayerodontologia.cl/,http,A,83,munzenmayer-odontologia,https://reclu.cl/propuesta/dentista-b-azul-cian,https://reclu.cl/galeria/dental,desde el celular cuesta identificar con rapidez el siguiente paso de contacto,4,"Buenos días.

Soy Manuel · Reclu.

Respecto de *Münzenmayer Odontología* (Concepción): desde el celular cuesta identificar con rapidez el siguiente paso de contacto.

Les dejo una propuesta de referencia para clínicas dentales (mismo tipo de negocio; pueden ver el estilo y decirnos si va en la dirección correcta). Si prefieren otra línea visual, tenemos más diseños en galería:
https://reclu.cl/propuesta/dentista-b-azul-cian

Para conversar: respondan este WhatsApp o agenden en https://reclu.cl/?agendar=1.

Quedo atento.
Manuel
Reclu · reclu.cl",pendiente,,,,,,,,,,,https://maps.google.com/?cid=14829312644766366094&g_mp=Cidnb29nbGUubWFwcy5wbGFjZXMudjEuUGxhY2VzLlNlYXJjaFRleHQQAhgEIAA,maps
1,85,LEAD-2026-08-17-1399,"Odont. Daniela Sura, Dentista","Odont. Daniela Sura, Dentista",dentista,Estación Central,56977683421,http://www.suradent.cl/,http,A,83,odont-daniela-sura-dentista,https://reclu.cl/propuesta/dentista-b-azul-cian,https://reclu.cl/galeria/dental,la web no prioriza de forma evidente la captación de consultas en el primer pantallazo,3,"Estimados,

Soy Manuel, de Reclu (reclu.cl).

Contacto a *Odont. Daniela Sura, Dentista* porque la web no prioriza de forma evidente la captación de consultas en el primer pantallazo. Ayudamos a clínicas dentales a captar reservas y consultas de nuevos pacientes con sitios claros y profesionales.

En nuestra galería hay una propuesta que podría acomodarse a su línea, y varias más si desean comparar estilos:
https://reclu.cl/propuesta/dentista-b-azul-cian
Más opciones: https://reclu.cl/galeria/dental

Si les parece pertinente, respondan aquí o reserven 10 minutos en nuestra web:
https://reclu.cl/?agendar=1

Saludos cordiales,
Manuel
Reclu · reclu.cl",pendiente,,,,,,,,,,,https://maps.google.com/?cid=3845224094495976724&g_mp=Cidnb29nbGUubWFwcy5wbGFjZXMudjEuUGxhY2VzLlNlYXJjaFRleHQQAhgEIAA,maps
1,86,LEAD-2026-08-17-3108,Surbrackets - Centro de Ortodoncia Avanzada,Surbrackets - Centro de Ortodoncia Avanzada,dentista,Puerto Montt,56933278833,http://www.surbrackets.cl/,http,A,83,surbrackets-centro-de-ortodoncia-avanzada,https://reclu.cl/propuesta/dentista-b-azul-cian,https://reclu.cl/galeria/dental,"el sitio actual, en móvil, no deja del todo claro cómo contactarlos o avanzar",2,"Buenos días.

Me presento: Manuel, de Reclu. Diseñamos sitios web para empresas en Chile, con foco en claridad y conversión.

Revisando la presencia en Maps de *Surbrackets - Centro de Ortodoncia Avanzada* (Puerto Montt), notamos que el sitio actual, en móvil, no deja del todo claro cómo contactarlos o avanzar.

Les comparto una referencia de diseño para clínicas dentales: no es un sitio publicado a su nombre, sino una propuesta de estilo que suele calzar bien en el rubro. Si no encaja, tenemos otros diseños disponibles:
https://reclu.cl/propuesta/dentista-b-azul-cian

Quedo atento por este medio, o pueden agendar directamente en:
https://reclu.cl/?agendar=1

Manuel
Reclu · reclu.cl",pendiente,,,,,,,,,,,https://maps.google.com/?cid=4911868071743736982&g_mp=Cidnb29nbGUubWFwcy5wbGFjZXMudjEuUGxhY2VzLlNlYXJjaFRleHQQAhgEIAA,maps
1,87,LEAD-2026-08-17-2930,TRIADENT Clínica Dental - Viña del Mar,TRIADENT Clínica Dental - Viña del Mar,dentista,Viña del Mar,56959501057,http://www.triadent.cl/,http,A,83,triadent-clinica-dental-vina-del-mar,https://reclu.cl/propuesta/dentista-b-azul-cian,https://reclu.cl/galeria/dental,la web no prioriza de forma evidente la captación de consultas en el primer pantallazo,1,"Buenos días.

Soy Manuel, de Reclu (reclu.cl), estudio de diseño y desarrollo web en Santiago.

Escribo por *TRIADENT Clínica Dental - Viña del Mar* (Viña del Mar): la web no prioriza de forma evidente la captación de consultas en el primer pantallazo. En clínicas dentales, eso suele dificultar captar reservas y consultas de nuevos pacientes.

Tenemos una propuesta de diseño para este rubro que puede encajar con el estilo que buscan. También contamos con varias alternativas si prefieren otro enfoque visual:
https://reclu.cl/propuesta/dentista-b-azul-cian
Galería del rubro: https://reclu.cl/galeria/dental

Si les interesa explorarlo, pueden responder este mensaje o agendar una reunión breve aquí:
https://reclu.cl/?agendar=1

Si no es de su interés, indíquelo y no insistimos.

Manuel
Reclu · reclu.cl",pendiente,,,,,,,,,,,https://maps.google.com/?cid=10329956042116084947&g_mp=Cidnb29nbGUubWFwcy5wbGFjZXMudjEuUGxhY2VzLlNlYXJjaFRleHQQAhgEIAA,maps
1,88,LEAD-2026-08-17-67,Clínica Dental Health,Clínica Dental Health,dentista,Lo Barnechea,56957988927,http://www.dentalhealth.cl/,http,A,82,clinica-dental-health,https://reclu.cl/propuesta/dentista-b-azul-cian,https://reclu.cl/galeria/dental,"el sitio actual, en móvil, no deja del todo claro cómo contactarlos o avanzar",4,"Buenos días.

Soy Manuel · Reclu.

Respecto de *Clínica Dental Health* (Lo Barnechea): el sitio actual, en móvil, no deja del todo claro cómo contactarlos o avanzar.

Les dejo una propuesta de referencia para clínicas dentales (mismo tipo de negocio; pueden ver el estilo y decirnos si va en la dirección correcta). Si prefieren otra línea visual, tenemos más diseños en galería:
https://reclu.cl/propuesta/dentista-b-azul-cian

Para conversar: respondan este WhatsApp o agenden en https://reclu.cl/?agendar=1.

Quedo atento.
Manuel
Reclu · reclu.cl",pendiente,,,,,,,,,,,https://maps.google.com/?cid=18402474822896054967&g_mp=Cidnb29nbGUubWFwcy5wbGFjZXMudjEuUGxhY2VzLlNlYXJjaFRleHQQAhgEIAA,maps
1,89,LEAD-2026-08-17-386,Clínica Lafourcade,Clínica Lafourcade,dentista,Ñuñoa,56944300215,http://www.clinicalafourcade.cl/,http,A,82,clinica-lafourcade,https://reclu.cl/propuesta/dentista-b-azul-cian,https://reclu.cl/galeria/dental,"el sitio actual, en móvil, no deja del todo claro cómo contactarlos o avanzar",4,"Buenos días.

Soy Manuel · Reclu.

Respecto de *Clínica Lafourcade* (Ñuñoa): el sitio actual, en móvil, no deja del todo claro cómo contactarlos o avanzar.

Les dejo una propuesta de referencia para clínicas dentales (mismo tipo de negocio; pueden ver el estilo y decirnos si va en la dirección correcta). Si prefieren otra línea visual, tenemos más diseños en galería:
https://reclu.cl/propuesta/dentista-b-azul-cian

Para conversar: respondan este WhatsApp o agenden en https://reclu.cl/?agendar=1.

Quedo atento.
Manuel
Reclu · reclu.cl",pendiente,,,,,,,,,,,https://maps.google.com/?cid=14019272455248497179&g_mp=Cidnb29nbGUubWFwcy5wbGFjZXMudjEuUGxhY2VzLlNlYXJjaFRleHQQAhgEIAA,maps
1,90,LEAD-2026-08-17-47,Clínica Odontológica La Portada,Clínica Odontológica La Portada,dentista,Ñuñoa,56984141973,http://www.odontologialaportada.cl/,http,A,82,clinica-odontologica-la-portada,https://reclu.cl/propuesta/dentista-b-azul-cian,https://reclu.cl/galeria/dental,"el sitio actual, en móvil, no deja del todo claro cómo contactarlos o avanzar",2,"Buenos días.

Me presento: Manuel, de Reclu. Diseñamos sitios web para empresas en Chile, con foco en claridad y conversión.

Revisando la presencia en Maps de *Clínica Odontológica La Portada* (Ñuñoa), notamos que el sitio actual, en móvil, no deja del todo claro cómo contactarlos o avanzar.

Les comparto una referencia de diseño para clínicas dentales: no es un sitio publicado a su nombre, sino una propuesta de estilo que suele calzar bien en el rubro. Si no encaja, tenemos otros diseños disponibles:
https://reclu.cl/propuesta/dentista-b-azul-cian

Quedo atento por este medio, o pueden agendar directamente en:
https://reclu.cl/?agendar=1

Manuel
Reclu · reclu.cl",pendiente,,,,,,,,,,,https://maps.google.com/?cid=8931500711754128465&g_mp=Cidnb29nbGUubWFwcy5wbGFjZXMudjEuUGxhY2VzLlNlYXJjaFRleHQQAhgEIAA,maps
1,91,LEAD-2026-08-17-356,"Dr. Matías San Martín Hernández, Dentista","Dr. Matías San Martín Hernández, Dentista",dentista,Providencia,56978887684,http://www.matiassanmartin.com/,http,A,80,dr-matias-san-martin-hernandez-dentista,https://reclu.cl/propuesta/dentista-b-azul-cian,https://reclu.cl/galeria/dental,la web no prioriza de forma evidente la captación de consultas en el primer pantallazo,1,"Buenos días.

Soy Manuel, de Reclu (reclu.cl), estudio de diseño y desarrollo web en Santiago.

Escribo por *Dr. Matías San Martín Hernández, Dentista* (Providencia): la web no prioriza de forma evidente la captación de consultas en el primer pantallazo. En clínicas dentales, eso suele dificultar captar reservas y consultas de nuevos pacientes.

Tenemos una propuesta de diseño para este rubro que puede encajar con el estilo que buscan. También contamos con varias alternativas si prefieren otro enfoque visual:
https://reclu.cl/propuesta/dentista-b-azul-cian
Galería del rubro: https://reclu.cl/galeria/dental

Si les interesa explorarlo, pueden responder este mensaje o agendar una reunión breve aquí:
https://reclu.cl/?agendar=1

Si no es de su interés, indíquelo y no insistimos.

Manuel
Reclu · reclu.cl",pendiente,,,,,,,,,,,https://maps.google.com/?cid=1386786022001368491&g_mp=Cidnb29nbGUubWFwcy5wbGFjZXMudjEuUGxhY2VzLlNlYXJjaFRleHQQAhgEIAA,maps
1,92,LEAD-2026-08-17-336,Estudio Odontológico,Estudio Odontológico,dentista,Las Condes,56991907569,http://www.estudioodontologico.cl/,http,A,80,estudio-odontologico,https://reclu.cl/propuesta/dentista-b-azul-cian,https://reclu.cl/galeria/dental,"el sitio actual, en móvil, no deja del todo claro cómo contactarlos o avanzar",3,"Estimados,

Soy Manuel, de Reclu (reclu.cl).

Contacto a *Estudio Odontológico* porque el sitio actual, en móvil, no deja del todo claro cómo contactarlos o avanzar. Ayudamos a clínicas dentales a captar reservas y consultas de nuevos pacientes con sitios claros y profesionales.

En nuestra galería hay una propuesta que podría acomodarse a su línea, y varias más si desean comparar estilos:
https://reclu.cl/propuesta/dentista-b-azul-cian
Más opciones: https://reclu.cl/galeria/dental

Si les parece pertinente, respondan aquí o reserven 10 minutos en nuestra web:
https://reclu.cl/?agendar=1

Saludos cordiales,
Manuel
Reclu · reclu.cl",pendiente,,,,,,,,,,,https://maps.google.com/?cid=16373998689290188164&g_mp=Cidnb29nbGUubWFwcy5wbGFjZXMudjEuUGxhY2VzLlNlYXJjaFRleHQQAhgEIAA,maps
1,93,LEAD-2026-08-17-371,Odontóloga Ma. Eugenia Asencio -Santiago,Odontóloga Ma. Eugenia Asencio -Santiago,dentista,Vitacura,56940890110,http://www.maugeodontologa.cl/,http,A,80,odontologa-ma-eugenia-asencio-santiago,https://reclu.cl/propuesta/dentista-b-azul-cian,https://reclu.cl/galeria/dental,la web no prioriza de forma evidente la captación de consultas en el primer pantallazo,4,"Buenos días.

Soy Manuel · Reclu.

Respecto de *Odontóloga Ma. Eugenia Asencio -Santiago* (Vitacura): la web no prioriza de forma evidente la captación de consultas en el primer pantallazo.

Les dejo una propuesta de referencia para clínicas dentales (mismo tipo de negocio; pueden ver el estilo y decirnos si va en la dirección correcta). Si prefieren otra línea visual, tenemos más diseños en galería:
https://reclu.cl/propuesta/dentista-b-azul-cian

Para conversar: respondan este WhatsApp o agenden en https://reclu.cl/?agendar=1.

Quedo atento.
Manuel
Reclu · reclu.cl",pendiente,,,,,,,,,,,https://maps.google.com/?cid=9085188777279095673&g_mp=Cidnb29nbGUubWFwcy5wbGFjZXMudjEuUGxhY2VzLlNlYXJjaFRleHQQAhgEIAA,maps
1,94,LEAD-2026-08-17-1361,Clínica Dental Santorini Maipú,Clínica Dental Santorini Maipú,dentista,Maipú,56978438438,http://www.dentalsantorini.cl/,http,A,79,clinica-dental-santorini-maipu,https://reclu.cl/propuesta/dentista-b-azul-cian,https://reclu.cl/galeria/dental,desde el celular cuesta identificar con rapidez el siguiente paso de contacto,2,"Buenos días.

Me presento: Manuel, de Reclu. Diseñamos sitios web para empresas en Chile, con foco en claridad y conversión.

Revisando la presencia en Maps de *Clínica Dental Santorini Maipú* (Maipú), notamos que desde el celular cuesta identificar con rapidez el siguiente paso de contacto.

Les comparto una referencia de diseño para clínicas dentales: no es un sitio publicado a su nombre, sino una propuesta de estilo que suele calzar bien en el rubro. Si no encaja, tenemos otros diseños disponibles:
https://reclu.cl/propuesta/dentista-b-azul-cian

Quedo atento por este medio, o pueden agendar directamente en:
https://reclu.cl/?agendar=1

Manuel
Reclu · reclu.cl",pendiente,,,,,,,,,,,https://maps.google.com/?cid=13038073731863715483&g_mp=Cidnb29nbGUubWFwcy5wbGFjZXMudjEuUGxhY2VzLlNlYXJjaFRleHQQAhgEIAA,maps
1,95,LEAD-2026-08-17-1274,Clínica Ortodontik Huechuraba,Clínica Ortodontik Huechuraba,dentista,Huechuraba,56964296097,http://www.ortodontik.cl/,http,A,79,clinica-ortodontik-huechuraba,https://reclu.cl/propuesta/dentista-b-azul-cian,https://reclu.cl/galeria/dental,"el sitio actual, en móvil, no deja del todo claro cómo contactarlos o avanzar",4,"Buenos días.

Soy Manuel · Reclu.

Respecto de *Clínica Ortodontik Huechuraba* (Huechuraba): el sitio actual, en móvil, no deja del todo claro cómo contactarlos o avanzar.

Les dejo una propuesta de referencia para clínicas dentales (mismo tipo de negocio; pueden ver el estilo y decirnos si va en la dirección correcta). Si prefieren otra línea visual, tenemos más diseños en galería:
https://reclu.cl/propuesta/dentista-b-azul-cian

Para conversar: respondan este WhatsApp o agenden en https://reclu.cl/?agendar=1.

Quedo atento.
Manuel
Reclu · reclu.cl",pendiente,,,,,,,,,,,https://maps.google.com/?cid=2372078873486383694&g_mp=Cidnb29nbGUubWFwcy5wbGFjZXMudjEuUGxhY2VzLlNlYXJjaFRleHQQAhgEIAA,maps
1,96,LEAD-2026-08-17-1374,Ortosonrisa,Ortosonrisa,dentista,Puente Alto,56997922465,http://ortosonrisa.cl/,http,A,79,ortosonrisa,https://reclu.cl/propuesta/dentista-b-azul-cian,https://reclu.cl/galeria/dental,la web no prioriza de forma evidente la captación de consultas en el primer pantallazo,1,"Buenos días.

Soy Manuel, de Reclu (reclu.cl), estudio de diseño y desarrollo web en Santiago.

Escribo por *Ortosonrisa* (Puente Alto): la web no prioriza de forma evidente la captación de consultas en el primer pantallazo. En clínicas dentales, eso suele dificultar captar reservas y consultas de nuevos pacientes.

Tenemos una propuesta de diseño para este rubro que puede encajar con el estilo que buscan. También contamos con varias alternativas si prefieren otro enfoque visual:
https://reclu.cl/propuesta/dentista-b-azul-cian
Galería del rubro: https://reclu.cl/galeria/dental

Si les interesa explorarlo, pueden responder este mensaje o agendar una reunión breve aquí:
https://reclu.cl/?agendar=1

Si no es de su interés, indíquelo y no insistimos.

Manuel
Reclu · reclu.cl",pendiente,,,,,,,,,,,https://maps.google.com/?cid=9600848785106220400&g_mp=Cidnb29nbGUubWFwcy5wbGFjZXMudjEuUGxhY2VzLlNlYXJjaFRleHQQAhgEIAA,maps
1,97,LEAD-2026-08-25-3280,Clínica dental Brümmer,Clínica dental Brümmer,dentista,Providencia,56957283725,http://www.clinicabrummer.cl/,http,A,78,clinica-dental-brummer,https://reclu.cl/propuesta/dentista-b-azul-cian,https://reclu.cl/galeria/dental,desde el celular cuesta identificar con rapidez el siguiente paso de contacto,4,"Buenos días.

Soy Manuel · Reclu.

Respecto de *Clínica dental Brümmer* (Providencia): desde el celular cuesta identificar con rapidez el siguiente paso de contacto.

Les dejo una propuesta de referencia para clínicas dentales (mismo tipo de negocio; pueden ver el estilo y decirnos si va en la dirección correcta). Si prefieren otra línea visual, tenemos más diseños en galería:
https://reclu.cl/propuesta/dentista-b-azul-cian

Para conversar: respondan este WhatsApp o agenden en https://reclu.cl/?agendar=1.

Quedo atento.
Manuel
Reclu · reclu.cl",pendiente,,,,,,,,,,,https://maps.google.com/?cid=8098984277052249314&g_mp=Cidnb29nbGUubWFwcy5wbGFjZXMudjEuUGxhY2VzLlNlYXJjaFRleHQQAhgEIAA,maps
1,98,LEAD-2026-08-17-2999,"CDC Dental, San Martín","CDC Dental, San Martín",dentista,Concepción,56959065278,http://www.cdcdental.cl/,http,A,77,cdc-dental-san-martin,https://reclu.cl/propuesta/dentista-b-azul-cian,https://reclu.cl/galeria/dental,desde el celular cuesta identificar con rapidez el siguiente paso de contacto,3,"Estimados,

Soy Manuel, de Reclu (reclu.cl).

Contacto a *CDC Dental, San Martín* porque desde el celular cuesta identificar con rapidez el siguiente paso de contacto. Ayudamos a clínicas dentales a captar reservas y consultas de nuevos pacientes con sitios claros y profesionales.

En nuestra galería hay una propuesta que podría acomodarse a su línea, y varias más si desean comparar estilos:
https://reclu.cl/propuesta/dentista-b-azul-cian
Más opciones: https://reclu.cl/galeria/dental

Si les parece pertinente, respondan aquí o reserven 10 minutos en nuestra web:
https://reclu.cl/?agendar=1

Saludos cordiales,
Manuel
Reclu · reclu.cl",pendiente,,,,,,,,,,,https://maps.google.com/?cid=15866211551017384666&g_mp=Cidnb29nbGUubWFwcy5wbGFjZXMudjEuUGxhY2VzLlNlYXJjaFRleHQQAhgEIAA,maps
1,99,LEAD-2026-08-25-2893,CEDSADENT,CEDSADENT,dentista,Calama,56984495193,http://www.clinicacedsadent.cl/,http,A,77,cedsadent,https://reclu.cl/propuesta/dentista-b-azul-cian,https://reclu.cl/galeria/dental,"el sitio actual, en móvil, no deja del todo claro cómo contactarlos o avanzar",4,"Buenos días.

Soy Manuel · Reclu.

Respecto de *CEDSADENT* (Calama): el sitio actual, en móvil, no deja del todo claro cómo contactarlos o avanzar.

Les dejo una propuesta de referencia para clínicas dentales (mismo tipo de negocio; pueden ver el estilo y decirnos si va en la dirección correcta). Si prefieren otra línea visual, tenemos más diseños en galería:
https://reclu.cl/propuesta/dentista-b-azul-cian

Para conversar: respondan este WhatsApp o agenden en https://reclu.cl/?agendar=1.

Quedo atento.
Manuel
Reclu · reclu.cl",pendiente,,,,,,,,,,,https://maps.google.com/?cid=13502351004008219474&g_mp=Cidnb29nbGUubWFwcy5wbGFjZXMudjEuUGxhY2VzLlNlYXJjaFRleHQQAhgEIAA,maps
1,100,LEAD-2026-08-17-1320,CLÍNICA ESTETICA Y DENTAL KAIROS DENT,CLÍNICA ESTETICA Y DENTAL KAIROS DENT,dentista,San Miguel,56988139776,http://kairosdent.csalud.net/,http,A,77,clinica-estetica-y-dental-kairos-dent,https://reclu.cl/propuesta/dentista-b-azul-cian,https://reclu.cl/galeria/dental,"el sitio actual, en móvil, no deja del todo claro cómo contactarlos o avanzar",2,"Buenos días.

Me presento: Manuel, de Reclu. Diseñamos sitios web para empresas en Chile, con foco en claridad y conversión.

Revisando la presencia en Maps de *CLÍNICA ESTETICA Y DENTAL KAIROS DENT* (San Miguel), notamos que el sitio actual, en móvil, no deja del todo claro cómo contactarlos o avanzar.

Les comparto una referencia de diseño para clínicas dentales: no es un sitio publicado a su nombre, sino una propuesta de estilo que suele calzar bien en el rubro. Si no encaja, tenemos otros diseños disponibles:
https://reclu.cl/propuesta/dentista-b-azul-cian

Quedo atento por este medio, o pueden agendar directamente en:
https://reclu.cl/?agendar=1

Manuel
Reclu · reclu.cl",pendiente,,,,,,,,,,,https://maps.google.com/?cid=7103905313987226043&g_mp=Cidnb29nbGUubWFwcy5wbGFjZXMudjEuUGxhY2VzLlNlYXJjaFRleHQQAhgEIAA,maps
